match_id,home_dispossessed,away_dispossessed,home_duels,away_duels,home_ground_duels,away_ground_duels,home_aerial_duels,away_aerial_duels,home_dribbles,away_dribbles
12437045,6,8,51%,49%,34/66 (52%),32/66 (48%),13/27 (48%),14/27 (52%),7/14 (50%),6/10 (60%)
12437046,12,16,54%,46%,48/92 (52%),44/92 (48%),21/36 (58%),15/36 (42%),4/11 (36%),9/25 (36%)
12437050,13,4,47%,53%,27/58 (47%),31/58 (53%),13/28 (46%),15/28 (54%),10/16 (63%),7/14 (50%)
12437040,10,13,52%,48%,37/76 (49%),39/76 (51%),18/29 (62%),11/29 (38%),6/12 (50%),9/13 (69%)
12437618,7,6,51%,49%,39/73 (53%),34/73 (47%),10/24 (42%),14/24 (58%),5/11 (45%),7/18 (39%)
12437607,11,4,52%,48%,36/74 (49%),38/74 (51%),28/49 (57%),21/49 (43%),6/15 (40%),2/10 (20%)
12437613,2,10,58%,42%,39/61 (64%),22/61 (36%),12/27 (44%),15/27 (56%),14/21 (67%),5/16 (31%)
12437625,5,7,51%,49%,34/62 (55%),28/62 (45%),12/28 (43%),16/28 (57%),7/15 (47%),10/17 (59%)
12437611,7,9,58%,42%,37/66 (56%),29/66 (44%),23/37 (62%),14/37 (38%),5/16 (31%),5/16 (31%)
12499340,13,8,47%,53%,29/66 (44%),37/66 (56%),18/34 (53%),16/34 (47%),10/16 (63%),7/12 (58%)
12499341,5,10,53%,47%,43/77 (56%),34/77 (44%),22/45 (49%),23/45 (51%),8/13 (62%),7/17 (41%)
12499339,4,3,59%,41%,26/45 (58%),19/45 (42%),16/26 (62%),10/26 (38%),3/5 (60%),4/8 (50%)
12499338,2,13,60%,40%,41/67 (61%),26/67 (39%),6/11 (55%),5/11 (45%),12/18 (67%),5/10 (50%)
12499737,7,3,38%,62%,26/65 (40%),39/65 (60%),10/29 (34%),19/29 (66%),3/5 (60%),15/29 (52%)
12499734,6,7,48%,52%,33/63 (52%),30/63 (48%),14/35 (40%),21/35 (60%),8/17 (47%),4/16 (25%)
12499720,15,13,54%,46%,52/93 (56%),41/93 (44%),11/23 (48%),12/23 (52%),14/22 (64%),8/18 (44%)
12451054,8,7,54%,46%,40/72 (56%),32/72 (44%),10/20 (50%),10/20 (50%),6/19 (32%),5/18 (28%)
12451055,7,7,56%,44%,41/70 (59%),29/70 (41%),16/31 (52%),15/31 (48%),9/18 (50%),7/14 (50%)
12451051,10,15,52%,48%,55/102 (54%),47/102 (46%),16/34 (47%),18/34 (53%),16/32 (50%),5/18 (28%)
12451056,9,5,55%,45%,38/70 (54%),32/70 (46%),15/27 (56%),12/27 (44%),11/23 (48%),1/7 (14%)
12451053,12,8,51%,49%,31/60 (52%),29/60 (48%),5/11 (45%),6/11 (55%),9/18 (50%),5/13 (38%)
12514052,7,4,59%,41%,40/73 (55%),33/73 (45%),21/31 (68%),10/31 (32%),15/22 (68%),7/16 (44%)
12514051,10,8,48%,52%,35/80 (44%),45/80 (56%),8/10 (80%),2/10 (20%),9/24 (38%),8/17 (47%)
12514055,9,11,58%,42%,49/87 (56%),38/87 (44%),12/19 (63%),7/19 (37%),11/18 (61%),5/17 (29%)
12514057,7,7,57%,43%,35/65 (54%),30/65 (46%),17/27 (63%),10/27 (37%),5/14 (36%),6/19 (32%)
12448395,8,13,58%,42%,40/63 (63%),23/63 (37%),12/26 (46%),14/26 (54%),10/10 (100%),6/11 (55%)
12448396,8,7,46%,54%,28/60 (47%),32/60 (53%),9/20 (45%),11/20 (55%),7/16 (44%),6/9 (67%)
12448394,4,6,49%,51%,21/43 (49%),22/43 (51%),13/26 (50%),13/26 (50%),4/8 (50%),5/11 (45%)
12117282,9,8,45%,55%,33/75 (44%),42/75 (56%),9/19 (47%),10/19 (53%),5/17 (29%),8/14 (57%)
12117278,15,11,55%,45%,46/87 (53%),41/87 (47%),19/31 (61%),12/31 (39%),10/18 (56%),7/23 (30%)
12530882,8,11,52%,48%,44/76 (58%),32/76 (42%),3/15 (20%),12/15 (80%),13/24 (54%),5/13 (38%)
12530878,9,10,51%,49%,34/73 (47%),39/73 (53%),16/25 (64%),9/25 (36%),8/16 (50%),8/18 (44%)
12530874,12,5,48%,52%,31/66 (47%),35/66 (53%),18/36 (50%),18/36 (50%),11/17 (65%),4/11 (36%)
12530880,9,14,47%,53%,49/94 (52%),45/94 (48%),13/38 (34%),25/38 (66%),12/19 (63%),13/23 (57%)
12421106,7,7,59%,41%,33/56 (59%),23/56 (41%),9/15 (60%),6/15 (40%),5/8 (63%),5/13 (38%)
12421110,7,11,59%,41%,45/80 (56%),35/80 (44%),13/18 (72%),5/18 (28%),7/10 (70%),10/27 (37%)
12421108,11,14,51%,49%,45/85 (53%),40/85 (47%),16/35 (46%),19/35 (54%),7/18 (39%),6/16 (38%)
12421107,14,17,56%,44%,45/88 (51%),43/88 (49%),27/40 (68%),13/40 (33%),12/21 (57%),11/16 (69%)
12568248,4,6,41%,59%,20/51 (39%),31/51 (61%),20/47 (43%),27/47 (57%),6/12 (50%),11/15 (73%)
12568249,16,9,50%,50%,39/82 (48%),43/82 (52%),14/25 (56%),11/25 (44%),12/20 (60%),8/14 (57%)
12568234,5,6,58%,42%,39/72 (54%),33/72 (46%),14/20 (70%),6/20 (30%),8/14 (57%),10/19 (53%)
12568235,7,8,54%,46%,36/74 (49%),38/74 (51%),31/49 (63%),18/49 (37%),10/15 (67%),9/17 (53%)
12477081,5,9,51%,49%,25/54 (46%),29/54 (54%),21/36 (58%),15/36 (42%),2/11 (18%),4/7 (57%)
12477080,10,7,42%,58%,24/58 (41%),34/58 (59%),15/35 (43%),20/35 (57%),4/13 (31%),5/10 (50%)
12477079,9,12,50%,50%,37/71 (52%),34/71 (48%),21/44 (48%),23/44 (52%),13/28 (46%),3/6 (50%)
11937370,14,8,53%,47%,36/69 (52%),33/69 (48%),17/31 (55%),14/31 (45%),7/10 (70%),10/21 (48%)
11937373,8,17,58%,42%,42/69 (61%),27/69 (39%),12/24 (50%),12/24 (50%),4/11 (36%),7/19 (37%)
11937368,13,2,54%,46%,22/51 (43%),29/51 (57%),28/41 (68%),13/41 (32%),3/9 (33%),2/6 (33%)
11937367,7,10,54%,46%,26/58 (45%),32/58 (55%),32/50 (64%),18/50 (36%),3/11 (27%),4/9 (44%)
11937369,4,11,56%,44%,38/60 (63%),22/60 (37%),14/33 (42%),19/33 (58%),8/17 (47%),1/4 (25%)
11937364,6,11,51%,49%,26/48 (54%),22/48 (46%),21/44 (48%),23/44 (52%),5/12 (42%),3/7 (43%)
11937363,11,9,47%,53%,34/78 (44%),44/78 (56%),16/29 (55%),13/29 (45%),4/9 (44%),12/22 (55%)
12420572,7,6,53%,47%,42/80 (53%),38/80 (48%),13/23 (57%),10/23 (43%),11/21 (52%),9/17 (53%)
12420577,8,10,49%,51%,29/63 (46%),34/63 (54%),14/25 (56%),11/25 (44%),2/8 (25%),9/12 (75%)
12420575,6,11,49%,51%,34/67 (51%),33/67 (49%),9/20 (45%),11/20 (55%),6/22 (27%),2/8 (25%)
12404865,3,6,54%,46%,36/66 (55%),30/66 (45%),14/26 (54%),12/26 (46%),11/22 (50%),6/16 (38%)
12404864,6,3,45%,55%,27/61 (44%),34/61 (56%),14/31 (45%),17/31 (55%),2/10 (20%),10/16 (63%)
12420443,4,9,57%,43%,46/81 (57%),35/81 (43%),18/32 (56%),14/32 (44%),4/10 (40%),12/27 (44%)
12420434,7,4,62%,38%,43/79 (54%),36/79 (46%),26/33 (79%),7/33 (21%),10/15 (67%),5/16 (31%)
13010882,5,5,60%,40%,30/52 (58%),22/52 (42%),17/26 (65%),9/26 (35%),8/14 (57%),3/10 (30%)
13022403,4,7,52%,48%,32/60 (53%),28/60 (47%),12/24 (50%),12/24 (50%),6/13 (46%),5/10 (50%)
13010885,14,15,45%,55%,38/88 (43%),50/88 (57%),15/31 (48%),16/31 (52%),11/20 (55%),8/9 (89%)
13010890,9,6,54%,46%,43/74 (58%),31/74 (42%),8/21 (38%),13/21 (62%),13/16 (81%),8/18 (44%)
12468905,6,7,42%,58%,34/77 (44%),43/77 (56%),5/16 (31%),11/16 (69%),10/19 (53%),13/23 (57%)
12467660,5,8,46%,54%,36/78 (46%),42/78 (54%),19/41 (46%),22/41 (54%),8/19 (42%),12/21 (57%)
12467662,12,9,48%,52%,40/86 (47%),46/86 (53%),14/27 (52%),13/27 (48%),15/26 (58%),11/19 (58%)
12467655,15,13,52%,48%,44/88 (50%),44/88 (50%),22/40 (55%),18/40 (45%),12/25 (48%),3/11 (27%)
12617262,10,10,53%,47%,30/56 (54%),26/56 (46%),12/24 (50%),12/24 (50%),8/15 (53%),5/10 (50%)
12467661,7,6,47%,53%,26/56 (46%),30/56 (54%),14/29 (48%),15/29 (52%),3/9 (33%),6/13 (46%)
12467658,5,9,55%,45%,32/56 (57%),24/56 (43%),15/29 (52%),14/29 (48%),2/3 (67%),6/12 (50%)
12467664,7,4,54%,46%,28/47 (60%),19/47 (40%),17/36 (47%),19/36 (53%),2/5 (40%),3/7 (43%)
12500376,7,8,60%,40%,45/80 (56%),35/80 (44%),30/44 (68%),14/44 (32%),11/24 (46%),6/15 (40%)
12500363,7,4,58%,42%,32/60 (53%),28/60 (47%),20/30 (67%),10/30 (33%),8/15 (53%),5/11 (45%)
12500379,12,4,48%,52%,38/76 (50%),38/76 (50%),11/27 (41%),16/27 (59%),5/12 (42%),12/26 (46%)
12527732,6,7,54%,46%,33/60 (55%),27/60 (45%),9/18 (50%),9/18 (50%),9/13 (69%),9/15 (60%)
12527736,10,6,43%,57%,29/65 (45%),36/65 (55%),20/50 (40%),30/50 (60%),3/11 (27%),7/14 (50%)
12527738,8,5,46%,54%,26/63 (41%),37/63 (59%),15/26 (58%),11/26 (42%),5/10 (50%),5/11 (45%)
12146528,6,4,57%,43%,38/66 (58%),28/66 (42%),12/21 (57%),9/21 (43%),5/12 (42%),6/15 (40%)
12146523,7,5,49%,51%,24/55 (44%),31/55 (56%),17/28 (61%),11/28 (39%),4/16 (25%),5/11 (45%)
12146524,3,3,55%,45%,20/39 (51%),19/39 (49%),11/17 (65%),6/17 (35%),1/6 (17%),3/8 (38%)
12445047,5,14,49%,51%,32/60 (53%),28/60 (47%),9/23 (39%),14/23 (61%),1/10 (10%),3/9 (33%)
12596621,8,7,50%,50%,40/75 (53%),35/75 (47%),12/28 (43%),16/28 (57%),15/28 (54%),6/12 (50%)
12596615,5,9,47%,53%,32/62 (52%),30/62 (48%),13/33 (39%),20/33 (61%),5/10 (50%),11/20 (55%)
12596618,17,14,46%,54%,37/92 (40%),55/92 (60%),20/32 (63%),12/32 (38%),8/26 (31%),6/9 (67%)
12596617,8,9,48%,52%,29/69 (42%),40/69 (58%),23/39 (59%),16/39 (41%),6/14 (43%),6/10 (60%)
12481094,5,12,46%,54%,32/72 (44%),40/72 (56%),10/20 (50%),10/20 (50%),1/9 (11%),10/21 (48%)
12481098,6,11,47%,53%,35/65 (54%),30/65 (46%),11/32 (34%),21/32 (66%),8/11 (73%),14/21 (67%)
12481103,4,9,55%,45%,35/65 (54%),30/65 (46%),21/37 (57%),16/37 (43%),11/20 (55%),7/10 (70%)
12463967,12,10,47%,53%,37/83 (45%),46/83 (55%),11/20 (55%),9/20 (45%),6/17 (35%),11/25 (44%)
12463970,11,8,41%,59%,32/76 (42%),44/76 (58%),8/21 (38%),13/21 (62%),7/22 (32%),6/14 (43%)
13012918,3,8,52%,48%,33/61 (54%),28/61 (46%),11/24 (46%),13/24 (54%),8/21 (38%),3/8 (38%)
13011712,2,8,39%,61%,21/52 (40%),31/52 (60%),6/18 (33%),12/18 (67%),3/14 (21%),0/3 (0%)
13011728,5,5,49%,51%,30/62 (48%),32/62 (52%),6/11 (55%),5/11 (45%),6/15 (40%),2/6 (33%)
13011718,3,5,55%,45%,36/64 (56%),28/64 (44%),6/12 (50%),6/12 (50%),3/5 (60%),7/24 (29%)
12580708,4,5,52%,48%,37/69 (54%),32/69 (46%),18/36 (50%),18/36 (50%),9/15 (60%),9/18 (50%)
12580604,7,8,47%,53%,34/65 (52%),31/65 (48%),11/30 (37%),19/30 (63%),4/13 (31%),6/21 (29%)
12580707,10,7,51%,49%,24/60 (40%),36/60 (60%),29/43 (67%),14/43 (33%),9/20 (45%),5/10 (50%)
12580607,7,6,45%,55%,25/55 (45%),30/55 (55%),24/53 (45%),29/53 (55%),2/11 (18%),6/15 (40%)
12402296,10,10,45%,55%,39/77 (51%),38/77 (49%),3/17 (18%),14/17 (82%),8/13 (62%),7/14 (50%)
12402294,12,4,44%,56%,23/55 (42%),32/55 (58%),9/17 (53%),8/17 (47%),7/12 (58%),6/10 (60%)
12402304,8,6,45%,55%,27/61 (44%),34/61 (56%),12/26 (46%),14/26 (54%),12/21 (57%),4/9 (44%)
12407828,12,10,42%,58%,27/69 (39%),42/69 (61%),18/39 (46%),21/39 (54%),5/14 (36%),7/10 (70%)
12407829,3,5,49%,51%,33/61 (54%),28/61 (46%),9/25 (36%),16/25 (64%),10/18 (56%),10/19 (53%)
12407826,6,9,51%,49%,35/72 (49%),37/72 (51%),19/34 (56%),15/34 (44%),8/19 (42%),10/17 (59%)
12407827,10,9,53%,47%,36/62 (58%),26/62 (42%),7/19 (37%),12/19 (63%),11/15 (73%),4/6 (67%)
12656652,11,17,50%,50%,37/72 (51%),35/72 (49%),35/71 (49%),36/71 (51%),4/8 (50%),10/13 (77%)
12991466,7,3,39%,61%,27/69 (39%),42/69 (61%),12/32 (38%),20/32 (63%),4/11 (36%),12/22 (55%)
12991503,10,5,43%,57%,21/58 (36%),37/58 (64%),20/37 (54%),17/37 (46%),4/10 (40%),5/8 (63%)
12014196,5,10,44%,56%,32/65 (49%),33/65 (51%),7/24 (29%),17/24 (71%),7/16 (44%),7/14 (50%)
12014204,5,10,54%,46%,33/53 (62%),20/53 (38%),9/25 (36%),16/25 (64%),5/9 (56%),4/10 (40%)
12014199,3,10,56%,44%,39/75 (52%),36/75 (48%),10/12 (83%),2/12 (17%),8/22 (36%),6/16 (38%)
12014195,4,2,51%,49%,25/55 (45%),30/55 (55%),10/14 (71%),4/14 (29%),4/8 (50%),8/17 (47%)
12744968,6,15,54%,46%,33/55 (60%),22/55 (40%),10/25 (40%),15/25 (60%),7/11 (64%),6/8 (75%)
11928436,19,17,46%,54%,42/86 (49%),44/86 (51%),10/28 (36%),18/28 (64%),5/7 (71%),6/18 (33%)
13016164,16,10,46%,34%,42/143 (29%),56/145 (39%),67/93 (72%),26/93 (28%),9/10 (90%),11/16 (69%)
13016167,6,8,39%,32%,46/118 (39%),28/120 (23%),19/45 (42%),27/48 (56%),26/35 (74%),8/9 (89%)
11912251,2,4,46%,54%,21/45 (47%),24/45 (53%),17/38 (45%),21/38 (55%),0/8 (0%),6/17 (35%)
11912259,11,5,45%,55%,32/72 (44%),40/72 (56%),13/29 (45%),16/29 (55%),4/15 (27%),10/22 (45%)
11912260,4,5,57%,43%,31/58 (53%),27/58 (47%),23/36 (64%),13/36 (36%),17/26 (65%),6/13 (46%)
11912233,5,13,61%,39%,39/64 (61%),25/64 (39%),14/23 (61%),9/23 (39%),3/8 (38%),6/19 (32%)
11912235,5,8,53%,47%,40/66 (61%),26/66 (39%),12/32 (38%),20/32 (63%),8/15 (53%),2/14 (14%)
11912258,11,6,59%,41%,42/74 (57%),32/74 (43%),14/21 (67%),7/21 (33%),13/24 (54%),3/14 (21%)
11912257,10,6,49%,51%,34/71 (48%),37/71 (52%),7/12 (58%),5/12 (42%),7/21 (33%),7/21 (33%)
12831490,4,3,62%,38%,32/55 (58%),23/55 (42%),18/26 (69%),8/26 (31%),2/7 (29%),2/14 (14%)
12831480,9,3,53%,47%,22/42 (52%),20/42 (48%),7/13 (54%),6/13 (46%),4/5 (80%),5/10 (50%)
12831494,8,4,56%,44%,16/31 (52%),15/31 (48%),4/5 (80%),1/5 (20%),4/7 (57%),0/3 (0%)
12831492,5,3,45%,55%,17/36 (47%),19/36 (53%),6/15 (40%),9/15 (60%),1/6 (17%),1/3 (33%)
12831481,6,8,53%,47%,37/71 (52%),34/71 (48%),13/23 (57%),10/23 (43%),2/4 (50%),5/14 (36%)
12831498,1,8,54%,46%,32/53 (60%),21/53 (40%),14/32 (44%),18/32 (56%),1/3 (33%),2/11 (18%)
12831500,1,8,53%,47%,27/52 (52%),25/52 (48%),9/16 (56%),7/16 (44%),3/10 (30%),0/3 (0%)
12489710,8,4,49%,51%,35/72 (49%),37/72 (51%),26/52 (50%),26/52 (50%),11/20 (55%),6/12 (50%)
12489715,9,12,52%,48%,51/93 (55%),42/93 (45%),18/40 (45%),22/40 (55%),11/24 (46%),12/21 (57%)
12489714,12,13,44%,56%,29/64 (45%),35/64 (55%),18/42 (43%),24/42 (57%),5/9 (56%),9/15 (60%)
12489713,3,4,44%,56%,34/70 (49%),36/70 (51%),11/32 (34%),21/32 (66%),4/9 (44%),15/25 (60%)
11907444,2,18,58%,42%,48/79 (61%),31/79 (39%),23/43 (53%),20/43 (47%),5/15 (33%),11/21 (52%)
11907450,5,12,52%,48%,38/73 (52%),35/73 (48%),22/42 (52%),20/42 (48%),9/24 (38%),5/11 (45%)
11907447,9,11,60%,40%,38/66 (58%),28/66 (42%),13/19 (68%),6/19 (32%),12/17 (71%),2/11 (18%)
11907445,8,10,59%,41%,40/67 (60%),27/67 (40%),24/41 (59%),17/41 (41%),11/17 (65%),5/16 (31%)
11907446,15,5,47%,53%,29/70 (41%),41/70 (59%),21/37 (57%),16/37 (43%),6/19 (32%),4/11 (36%)
12439860,8,13,52%,48%,40/75 (53%),35/75 (47%),14/28 (50%),14/28 (50%),10/20 (50%),8/15 (53%)
12439861,5,6,61%,39%,38/60 (63%),22/60 (37%),16/28 (57%),12/28 (43%),4/7 (57%),4/14 (29%)
12439858,8,16,52%,48%,45/91 (49%),46/91 (51%),17/29 (59%),12/29 (41%),11/25 (44%),10/19 (53%)
12662014,4,6,49%,51%,34/67 (51%),33/67 (49%),21/46 (46%),25/46 (54%),7/20 (35%),7/13 (54%)
12662012,5,10,51%,49%,29/57 (51%),28/57 (49%),15/30 (50%),15/30 (50%),3/10 (30%),4/8 (50%)
13022369,9,14,48%,52%,48/101 (48%),53/101 (52%),12/24 (50%),12/24 (50%),9/24 (38%),11/21 (52%)
13008825,11,18,50%,50%,51/96 (53%),45/96 (47%),12/29 (41%),17/29 (59%),16/29 (55%),8/19 (42%)
12453008,3,10,57%,43%,40/66 (61%),26/66 (39%),22/43 (51%),21/43 (49%),9/19 (47%),5/17 (29%)
12453110,6,6,51%,49%,28/60 (47%),32/60 (53%),21/36 (58%),15/36 (42%),6/17 (35%),7/10 (70%)
12453112,4,5,41%,59%,30/65 (46%),35/65 (54%),7/26 (27%),19/26 (73%),5/20 (25%),7/13 (54%)
12065761,8,17,43%,34%,48/137 (35%),44/136 (32%),38/62 (61%),24/63 (38%),15/24 (63%),10/13 (77%)
12065762,10,2,38%,48%,36/102 (35%),45/96 (47%),18/39 (46%),20/38 (53%),15/21 (71%),17/22 (77%)
12065760,6,15,41%,28%,48/118 (41%),29/117 (25%),13/28 (46%),12/28 (43%),17/19 (89%),8/11 (73%)
12776232,10,1,39%,61%,27/78 (35%),51/78 (65%),10/16 (63%),6/16 (38%),8/20 (40%),11/15 (73%)
12773388,4,10,52%,48%,39/77 (51%),38/77 (49%),9/15 (60%),6/15 (40%),6/17 (35%),12/21 (57%)
12773385,6,5,49%,51%,29/59 (49%),30/59 (51%),13/27 (48%),14/27 (52%),5/13 (38%),8/22 (36%)
12497536,6,2,46%,54%,22/52 (42%),30/52 (58%),5/7 (71%),2/7 (29%),3/10 (30%),3/6 (50%)
12765324,4,5,47%,53%,29/56 (52%),27/56 (48%),7/20 (35%),13/20 (65%),11/24 (46%),3/8 (38%)
12765325,5,4,51%,49%,33/66 (50%),33/66 (50%),21/39 (54%),18/39 (46%),6/12 (50%),6/10 (60%)
12448681,9,8,50%,50%,55/111 (50%),56/111 (50%),13/24 (54%),11/24 (46%),12/30 (40%),10/28 (36%)
12448692,9,9,46%,54%,34/78 (44%),44/78 (56%),19/38 (50%),19/38 (50%),4/20 (20%),10/20 (50%)
13011670,8,10,46%,54%,35/80 (44%),45/80 (56%),16/32 (50%),16/32 (50%),7/16 (44%),11/19 (58%)
12448762,8,6,43%,57%,30/77 (39%),47/77 (61%),17/33 (52%),16/33 (48%),4/28 (14%),5/13 (38%)
12448764,7,10,50%,50%,52/97 (54%),45/97 (46%),28/62 (45%),34/62 (55%),12/30 (40%),12/25 (48%)
12448767,13,18,56%,44%,52/91 (57%),39/91 (43%),12/24 (50%),12/24 (50%),7/12 (58%),8/24 (33%)
12449217,6,6,55%,45%,41/85 (48%),44/85 (52%),24/34 (71%),10/34 (29%),17/26 (65%),14/27 (52%)
12449215,7,10,53%,47%,42/83 (51%),41/83 (49%),30/53 (57%),23/53 (43%),11/21 (52%),11/17 (65%)
11973094,6,6,44%,27%,53/127 (42%),33/127 (26%),16/28 (57%),9/27 (33%),27/33 (82%),17/25 (68%)
11973085,8,6,30%,45%,31/118 (26%),48/116 (41%),16/36 (44%),21/37 (57%),9/16 (56%),14/20 (70%)
11973088,2,8,35%,38%,54/150 (36%),33/124 (27%),12/35 (34%),29/39 (74%),16/28 (57%),18/29 (62%)
11973103,6,13,47%,27%,60/144 (42%),42/155 (27%),31/47 (66%),15/52 (29%),17/20 (85%),4/4 (100%)
11973090,8,12,42%,28%,59/150 (39%),34/148 (23%),24/44 (55%),20/44 (45%),24/32 (75%),13/18 (72%)
11973091,6,10,41%,32%,56/147 (38%),51/158 (32%),15/25 (60%),9/26 (35%),15/25 (60%),14/18 (78%)
11973086,9,10,44%,39%,56/129 (43%),39/130 (30%),26/57 (46%),37/61 (61%),29/37 (78%),6/13 (46%)
11973093,10,8,37%,32%,41/125 (33%),42/136 (31%),17/31 (55%),13/31 (42%),9/11 (82%),17/24 (71%)
11973087,16,4,34%,39%,49/146 (34%),39/112 (35%),15/38 (39%),20/39 (51%),23/29 (79%),12/16 (75%)
11973092,3,5,48%,29%,49/111 (44%),26/95 (27%),37/66 (56%),22/66 (33%),17/24 (71%),15/18 (83%)
12586168,6,12,43%,33%,54/128 (42%),40/129 (31%),12/23 (52%),11/23 (48%),23/29 (79%),15/17 (88%)
12586173,10,10,41%,31%,41/113 (36%),37/113 (33%),13/18 (72%),4/18 (22%),17/33 (52%),6/10 (60%)
12753021,5,4,36%,64%,16/43 (37%),27/43 (63%),3/10 (30%),7/10 (70%),2/5 (40%),5/13 (38%)
12753032,8,3,46%,54%,32/67 (48%),35/67 (52%),14/34 (41%),20/34 (59%),8/17 (47%),4/9 (44%)
12753017,4,2,57%,43%,27/55 (49%),28/55 (51%),20/27 (74%),7/27 (26%),7/15 (47%),8/13 (62%)
12753012,2,8,54%,46%,28/44 (64%),16/44 (36%),4/15 (27%),11/15 (73%),3/9 (33%),1/4 (25%)
13019034,6,5,40%,35%,49/121 (40%),33/114 (29%),18/44 (41%),22/41 (54%),14/23 (61%),8/16 (50%)
13019043,5,3,36%,35%,36/111 (32%),42/112 (38%),10/14 (71%),3/14 (21%),17/20 (85%),15/21 (71%)
12425088,4,2,34%,35%,41/115 (36%),35/113 (31%),10/31 (32%),17/35 (49%),14/19 (74%),12/15 (80%)
13029521,9,8,38%,35%,43/117 (37%),39/117 (33%),13/27 (48%),13/29 (45%),14/23 (61%),11/18 (61%)
13041742,3,13,31%,42%,24/79 (30%),27/80 (34%),9/27 (33%),18/27 (67%),5/9 (56%),6/6 (100%)
12447865,13,13,40%,34%,50/146 (34%),51/145 (35%),26/44 (59%),15/44 (34%),12/17 (71%),11/20 (55%)
12447858,11,18,31%,36%,48/156 (31%),48/155 (31%),14/39 (36%),22/38 (58%),9/13 (69%),19/28 (68%)
12497309,6,13,45%,28%,58/138 (42%),35/137 (26%),15/24 (63%),11/27 (41%),19/24 (79%),13/18 (72%)
12497312,15,6,28%,41%,31/121 (26%),52/126 (41%),13/32 (41%),12/29 (41%),6/7 (86%),12/13 (92%)
12497319,12,4,37%,32%,34/107 (32%),32/108 (30%),19/33 (58%),13/29 (45%),20/26 (77%),12/21 (57%)
12497311,5,9,38%,35%,57/154 (37%),50/150 (33%),13/28 (46%),14/30 (47%),13/15 (87%),24/31 (77%)
12497305,11,15,32%,37%,41/127 (32%),40/128 (31%),11/31 (35%),20/32 (63%),10/13 (77%),9/10 (90%)
12451610,6,7,35%,38%,40/120 (33%),41/125 (33%),19/48 (40%),24/44 (55%),12/16 (75%),17/23 (74%)
12442027,3,8,36%,39%,32/95 (34%),33/88 (38%),9/16 (56%),9/19 (47%),13/17 (76%),16/18 (89%)
12463379,2,2,31%,41%,31/121 (26%),44/107 (41%),24/53 (45%),21/51 (41%),14/15 (93%),23/28 (82%)
11990387,4,13,46%,28%,60/137 (44%),44/160 (28%),13/21 (62%),8/20 (40%),30/38 (79%),20/24 (83%)
13008765,6,5,44%,31%,56/128 (44%),32/131 (24%),13/28 (46%),20/34 (59%),25/38 (66%),10/18 (56%)
11989125,5,5,40%,38%,39/103 (38%),44/110 (40%),10/17 (59%),5/16 (31%),6/7 (86%),22/28 (79%)
11989123,6,4,31%,43%,32/131 (24%),63/134 (47%),24/45 (53%),14/43 (33%),9/15 (60%),30/39 (77%)
11989126,3,4,42%,37%,28/74 (38%),26/83 (31%),29/61 (48%),31/68 (46%),12/16 (75%),9/11 (82%)
12525926,15,13,31%,41%,52/172 (30%),66/172 (38%),13/33 (39%),19/31 (61%),17/22 (77%),18/22 (82%)
12525929,6,7,40%,34%,51/132 (39%),46/141 (33%),12/24 (50%),11/24 (46%),26/38 (68%),11/12 (92%)
12525932,7,6,34%,38%,27/114 (24%),45/118 (38%),27/42 (64%),16/42 (38%),8/17 (47%),15/19 (79%)
12868396,14,5,43%,32%,40/123 (33%),39/121 (32%),39/59 (66%),20/59 (34%),9/14 (64%),9/11 (82%)
12650996,10,8,34%,40%,37/116 (32%),54/139 (39%),11/25 (44%),11/22 (50%),11/14 (79%),17/25 (68%)
12651004,6,9,39%,38%,36/100 (36%),38/100 (38%),8/11 (73%),6/14 (43%),18/23 (78%),11/15 (73%)
12598357,8,5,37%,30%,60/172 (35%),46/169 (27%),19/41 (46%),16/37 (43%),19/23 (83%),12/28 (43%)
12598360,8,7,35%,37%,46/150 (31%),56/167 (34%),23/44 (52%),27/54 (50%),18/29 (62%),17/29 (59%)
12598355,10,9,40%,40%,54/135 (40%),48/136 (35%),18/43 (42%),26/49 (53%),20/28 (71%),13/15 (87%)
12177173,8,14,43%,39%,48/117 (41%),48/121 (40%),15/29 (52%),11/30 (37%),13/19 (68%),19/21 (90%)
12177177,5,6,50%,32%,44/93 (47%),30/94 (32%),21/35 (60%),11/34 (32%),26/35 (74%),10/14 (71%)
12085473,7,11,46%,29%,52/118 (44%),29/116 (25%),13/23 (57%),13/26 (50%),26/32 (81%),7/11 (64%)
12085469,11,13,31%,42%,43/158 (27%),66/164 (40%),20/42 (48%),21/43 (49%),10/15 (67%),17/22 (77%)
12444644,4,11,38%,34%,53/141 (38%),44/141 (31%),8/19 (42%),11/20 (55%),28/41 (68%),11/14 (79%)
12444645,7,16,48%,37%,53/111 (48%),37/112 (33%),30/60 (50%),27/60 (45%),15/23 (65%),8/11 (73%)
12444663,9,1,35%,42%,57/150 (38%),39/105 (37%),11/42 (26%),22/37 (59%),20/29 (69%),17/22 (77%)
12963363,10,9,37%,39%,44/130 (34%),50/129 (39%),19/36 (53%),14/35 (40%),10/12 (83%),11/11 (100%)
12963291,4,7,32%,31%,22/80 (28%),22/81 (27%),10/19 (53%),9/18 (50%),7/8 (88%),8/17 (47%)
12590279,7,10,34%,45%,36/122 (30%),59/126 (47%),18/34 (53%),14/35 (40%),17/26 (65%),26/35 (74%)
12590273,17,7,37%,39%,40/121 (33%),43/122 (35%),25/52 (48%),26/53 (49%),15/19 (79%),12/21 (57%)
12531981,8,11,29%,42%,37/131 (28%),54/135 (40%),7/17 (41%),13/22 (59%),7/11 (64%),18/23 (78%)
12531969,12,15,50%,28%,78/155 (50%),38/156 (24%),23/45 (51%),20/44 (45%),33/35 (94%),11/17 (65%)
12969196,8,9,34%,41%,33/104 (32%),36/102 (35%),20/48 (42%),25/46 (54%),11/12 (92%),6/11 (55%)
12472158,5,5,35%,33%,32/103 (31%),33/103 (32%),13/25 (52%),9/22 (41%),8/11 (73%),8/12 (67%)
12448838,5,14,32%,46%,43/114 (38%),42/120 (35%),8/41 (20%),32/40 (80%),13/14 (93%),18/22 (82%)
12448841,7,5,41%,39%,52/126 (41%),46/125 (37%),12/27 (44%),13/23 (57%),19/23 (83%),18/25 (72%)
12448840,5,7,44%,30%,47/107 (44%),25/106 (24%),18/40 (45%),20/43 (47%),26/31 (84%),7/10 (70%)
12518422,8,10,43%,57%,30/61 (49%),31/61 (51%),6/23 (26%),17/23 (74%),5/9 (56%),5/7 (71%)
12518425,14,9,48%,52%,45/87 (52%),42/87 (48%),8/23 (35%),15/23 (65%),8/15 (53%),5/24 (21%)
12518416,7,12,60%,40%,32/53 (60%),21/53 (40%),8/14 (57%),6/14 (43%),0/3 (0%),0/3 (0%)
13019039,4,13,60%,40%,41/70 (59%),29/70 (41%),12/19 (63%),7/19 (37%),16/24 (67%),4/8 (50%)
12923109,8,4,46%,54%,25/57 (44%),32/57 (56%),8/14 (57%),6/14 (43%),9/14 (64%),7/14 (50%)
12923104,9,9,50%,50%,37/77 (48%),40/77 (52%),8/13 (62%),5/13 (38%),9/14 (64%),15/26 (58%)
12246983,10,10,33%,36%,35/119 (29%),39/112 (35%),10/15 (67%),7/14 (50%),5/6 (83%),14/19 (74%)
12246985,8,8,31%,41%,33/120 (28%),47/116 (41%),12/22 (55%),10/23 (43%),14/25 (56%),12/15 (80%)
12484257,5,5,44%,32%,57/132 (43%),37/132 (28%),22/46 (48%),21/47 (45%),29/36 (81%),13/17 (76%)
12484258,7,8,38%,33%,34/96 (35%),30/97 (31%),11/22 (50%),10/21 (48%),16/22 (73%),8/11 (73%)
12484255,14,12,38%,33%,55/150 (37%),46/149 (31%),13/25 (52%),12/24 (50%),22/25 (88%),15/23 (65%)
12196916,2,8,39%,38%,45/127 (35%),47/128 (37%),19/36 (53%),17/37 (46%),17/25 (68%),22/31 (71%)
12196973,11,4,38%,31%,41/121 (34%),32/122 (26%),26/52 (50%),22/52 (42%),16/23 (70%),3/7 (43%)
12199061,2,3,39%,38%,39/114 (34%),37/113 (33%),32/65 (49%),34/70 (49%),21/26 (81%),9/12 (75%)
12442133,2,15,35%,32%,52/153 (34%),37/150 (25%),25/61 (41%),34/69 (49%),11/14 (79%),6/10 (60%)
12442134,14,9,33%,39%,49/161 (30%),57/163 (35%),17/38 (45%),21/37 (57%),16/27 (59%),18/30 (60%)
12484433,6,2,45%,33%,35/87 (40%),25/91 (27%),26/47 (55%),22/48 (46%),18/22 (82%),3/10 (30%)
12484437,3,5,35%,38%,36/101 (36%),30/100 (30%),13/36 (36%),21/34 (62%),20/21 (95%),13/17 (76%)
13014309,9,11,53%,47%,31/57 (54%),26/57 (46%),9/18 (50%),9/18 (50%),4/6 (67%),4/9 (44%)
13014303,10,6,46%,54%,28/62 (45%),34/62 (55%),10/21 (48%),11/21 (52%),7/12 (58%),5/10 (50%)
12694137,5,5,32%,39%,39/134 (29%),53/135 (39%),13/25 (52%),10/24 (42%),11/16 (69%),20/27 (74%)
12694134,6,10,41%,30%,55/139 (40%),33/119 (28%),14/28 (50%),10/22 (45%),24/36 (67%),12/13 (92%)
12698547,6,7,36%,35%,29/95 (31%),35/100 (35%),21/43 (49%),16/45 (36%),15/23 (65%),10/17 (59%)
12454752,6,9,31%,44%,31/121 (26%),53/126 (42%),21/43 (49%),20/38 (53%),10/14 (71%),24/32 (75%)
12454757,7,5,53%,30%,48/101 (48%),27/102 (26%),36/55 (65%),20/51 (39%),25/31 (81%),13/19 (68%)
12650088,4,4,53%,47%,28/49 (57%),21/49 (43%),6/15 (40%),9/15 (60%),8/14 (57%),2/5 (40%)
13023005,8,9,47%,53%,30/71 (42%),41/71 (58%),10/15 (67%),5/15 (33%),8/20 (40%),11/15 (73%)
13006575,10,18,55%,45%,37/74 (50%),37/74 (50%),17/25 (68%),8/25 (32%),9/20 (45%),10/14 (71%)
12437611,7,9,58%,42%,37/66 (56%),29/66 (44%),23/37 (62%),14/37 (38%),5/16 (31%),5/16 (31%)
12499348,7,9,56%,44%,40/73 (55%),33/73 (45%),21/36 (58%),15/36 (42%),6/11 (55%),6/13 (46%)
12499354,10,10,53%,47%,44/83 (53%),39/83 (47%),15/28 (54%),13/28 (46%),9/18 (50%),7/12 (58%)
12499355,4,15,49%,51%,40/78 (51%),38/78 (49%),8/20 (40%),12/20 (60%),9/24 (38%),5/15 (33%)
12900855,10,9,50%,50%,44/89 (49%),45/89 (51%),12/24 (50%),12/24 (50%),8/17 (47%),12/25 (48%)
12970179,10,8,46%,54%,28/56 (50%),28/56 (50%),8/22 (36%),14/22 (64%),1/3 (33%),8/18 (44%)
12970160,8,13,55%,45%,45/82 (55%),37/82 (45%),17/31 (55%),14/31 (45%),6/15 (40%),5/13 (38%)
12970153,17,8,52%,48%,45/84 (54%),39/84 (46%),12/25 (48%),13/25 (52%),9/11 (82%),13/32 (41%)
12970192,13,7,43%,57%,42/89 (47%),47/89 (53%),3/16 (19%),13/16 (81%),4/10 (40%),11/33 (33%)
12970193,3,4,61%,39%,27/41 (66%),14/41 (34%),12/23 (52%),11/23 (48%),6/7 (86%),4/9 (44%)
12970166,13,16,52%,48%,42/76 (55%),34/76 (45%),3/11 (27%),8/11 (73%),2/3 (67%),7/16 (44%)
12970187,11,7,45%,55%,26/58 (45%),32/58 (55%),3/7 (43%),4/7 (57%),7/12 (58%),10/15 (67%)
12375376,6,4,45%,55%,31/64 (48%),33/64 (52%),19/48 (40%),29/48 (60%),5/15 (33%),8/17 (47%)
12514057,7,7,57%,43%,35/65 (54%),30/65 (46%),17/27 (63%),10/27 (37%),5/14 (36%),6/19 (32%)
12117282,9,8,45%,55%,33/75 (44%),42/75 (56%),9/19 (47%),10/19 (53%),5/17 (29%),8/14 (57%)
12117278,15,11,55%,45%,46/87 (53%),41/87 (47%),19/31 (61%),12/31 (39%),10/18 (56%),7/23 (30%)
12530874,12,5,48%,52%,31/66 (47%),35/66 (53%),18/36 (50%),18/36 (50%),11/17 (65%),4/11 (36%)
12530880,9,14,47%,53%,49/94 (52%),45/94 (48%),13/38 (34%),25/38 (66%),12/19 (63%),13/23 (57%)
12904468,3,5,60%,40%,25/44 (57%),19/44 (43%),10/14 (71%),4/14 (29%),3/9 (33%),6/12 (50%)
12904463,10,3,51%,49%,26/54 (48%),28/54 (52%),15/27 (56%),12/27 (44%),8/15 (53%),2/8 (25%)
12773665,10,9,53%,47%,30/61 (49%),31/61 (51%),12/18 (67%),6/18 (33%),6/12 (50%),4/11 (36%)
12773646,10,14,51%,49%,42/76 (55%),34/76 (45%),11/28 (39%),17/28 (61%),4/13 (31%),9/19 (47%)
12773642,6,7,51%,49%,24/50 (48%),26/50 (52%),18/32 (56%),14/32 (44%),4/11 (36%),5/10 (50%)
12791854,8,11,56%,44%,26/49 (53%),23/49 (47%),14/23 (61%),9/23 (39%),6/13 (46%),3/5 (60%)
12773671,8,8,55%,45%,41/76 (54%),35/76 (46%),17/30 (57%),13/30 (43%),4/10 (40%),8/25 (32%)
12791853,6,10,52%,48%,35/74 (47%),39/74 (53%),23/38 (61%),15/38 (39%),5/18 (28%),6/11 (55%)
12773663,7,11,52%,48%,35/73 (48%),38/73 (52%),16/26 (62%),10/26 (38%),7/18 (39%),9/14 (64%)
12773652,10,6,47%,53%,38/86 (44%),48/86 (56%),14/25 (56%),11/25 (44%),3/15 (20%),8/20 (40%)
12924425,15,4,50%,50%,44/97 (45%),53/97 (55%),31/52 (60%),21/52 (40%),7/27 (26%),6/20 (30%)
12924407,2,2,65%,35%,24/34 (71%),10/34 (29%),17/29 (59%),12/29 (41%),3/3 (100%),0/3 (0%)
12924421,23,10,47%,53%,34/79 (43%),45/79 (57%),13/21 (62%),8/21 (38%),10/10 (100%),8/15 (53%)
12924416,8,6,52%,48%,41/81 (51%),40/81 (49%),14/25 (56%),11/25 (44%),5/14 (36%),10/29 (34%)
12924418,9,13,55%,45%,45/78 (58%),33/78 (42%),18/36 (50%),18/36 (50%),8/14 (57%),5/15 (33%)
12924429,9,9,47%,53%,27/58 (47%),31/58 (53%),7/14 (50%),7/14 (50%),0/5 (0%),4/11 (36%)
12924410,12,4,38%,62%,28/69 (41%),41/69 (59%),7/22 (32%),15/22 (68%),7/11 (64%),16/24 (67%)
12924422,10,9,45%,55%,35/76 (46%),41/76 (54%),5/13 (38%),8/13 (62%),9/18 (50%),7/16 (44%)
12924424,12,18,51%,49%,40/76 (53%),36/76 (47%),9/21 (43%),12/21 (57%),9/17 (53%),8/12 (67%)
12924420,6,10,43%,57%,29/73 (40%),44/73 (60%),14/27 (52%),13/27 (48%),2/11 (18%),7/15 (47%)
11937364,6,11,51%,49%,26/48 (54%),22/48 (46%),21/44 (48%),23/44 (52%),5/12 (42%),3/7 (43%)
11937363,11,9,47%,53%,34/78 (44%),44/78 (56%),16/29 (55%),13/29 (45%),4/9 (44%),12/22 (55%)
13010885,14,15,45%,55%,38/88 (43%),50/88 (57%),15/31 (48%),16/31 (52%),11/20 (55%),8/9 (89%)
13010890,9,6,54%,46%,43/74 (58%),31/74 (42%),8/21 (38%),13/21 (62%),13/16 (81%),8/18 (44%)
13010881,4,6,47%,53%,33/60 (55%),27/60 (45%),12/36 (33%),24/36 (67%),11/20 (55%),6/12 (50%)
13010887,8,2,51%,49%,34/69 (49%),35/69 (51%),17/31 (55%),14/31 (45%),12/18 (67%),13/21 (62%)
12467664,7,4,54%,46%,28/47 (60%),19/47 (40%),17/36 (47%),19/36 (53%),2/5 (40%),3/7 (43%)
12527741,3,10,62%,38%,44/63 (70%),19/63 (30%),20/40 (50%),20/40 (50%),8/12 (67%),2/9 (22%)
12527866,10,11,53%,47%,47/90 (52%),43/90 (48%),35/64 (55%),29/64 (45%),4/11 (36%),5/16 (31%)
12527868,12,7,55%,45%,40/72 (56%),32/72 (44%),23/42 (55%),19/42 (45%),11/18 (61%),4/12 (33%)
12527870,10,9,54%,46%,43/71 (61%),28/71 (39%),20/45 (44%),25/45 (56%),8/15 (53%),3/17 (18%)
12527872,8,11,56%,44%,46/88 (52%),42/88 (48%),26/41 (63%),15/41 (37%),5/13 (38%),8/21 (38%)
12527873,5,6,58%,42%,38/61 (62%),23/61 (38%),15/30 (50%),15/30 (50%),4/7 (57%),6/15 (40%)
12451237,5,7,58%,42%,39/61 (64%),22/61 (36%),6/16 (38%),10/16 (63%),8/16 (50%),4/14 (29%)
12451239,6,13,59%,41%,48/80 (60%),32/80 (40%),28/49 (57%),21/49 (43%),11/20 (55%),7/13 (54%)
12451236,6,6,43%,57%,25/54 (46%),29/54 (54%),15/40 (38%),25/40 (63%),5/10 (50%),7/11 (64%)
12451241,9,13,59%,41%,39/66 (59%),27/66 (41%),36/62 (58%),26/62 (42%),12/15 (80%),9/12 (75%)
12451240,5,16,59%,41%,61/96 (64%),35/96 (36%),26/52 (50%),26/52 (50%),16/23 (70%),3/16 (19%)
12451242,11,10,62%,38%,46/82 (56%),36/82 (44%),27/36 (75%),9/36 (25%),8/13 (62%),11/21 (52%)
12451244,8,6,44%,56%,20/49 (41%),29/49 (59%),13/26 (50%),13/26 (50%),2/7 (29%),4/9 (44%)
12451245,4,13,57%,43%,43/75 (57%),32/75 (43%),13/24 (54%),11/24 (46%),10/13 (77%),12/24 (50%)
12615585,11,7,46%,54%,33/68 (49%),35/68 (51%),7/19 (37%),12/19 (63%),4/12 (33%),8/18 (44%)
12146528,6,4,57%,43%,38/66 (58%),28/66 (42%),12/21 (57%),9/21 (43%),5/12 (42%),6/15 (40%)
12146523,7,5,49%,51%,24/55 (44%),31/55 (56%),17/28 (61%),11/28 (39%),4/16 (25%),5/11 (45%)
12146524,3,3,55%,45%,20/39 (51%),19/39 (49%),11/17 (65%),6/17 (35%),1/6 (17%),3/8 (38%)
12146527,2,6,54%,46%,32/62 (52%),30/62 (48%),13/22 (59%),9/22 (41%),2/11 (18%),4/10 (40%)
12146520,7,7,46%,54%,34/74 (46%),40/74 (54%),12/27 (44%),15/27 (56%),7/14 (50%),5/15 (33%)
12988222,4,5,44%,56%,22/43 (51%),21/43 (49%),2/12 (17%),10/12 (83%),2/7 (29%),0/3 (0%)
12146521,7,7,56%,44%,35/56 (63%),21/56 (38%),10/24 (42%),14/24 (58%),4/8 (50%),0/4 (0%)
12596617,8,9,48%,52%,29/69 (42%),40/69 (58%),23/39 (59%),16/39 (41%),6/14 (43%),6/10 (60%)
12463967,12,10,47%,53%,37/83 (45%),46/83 (55%),11/20 (55%),9/20 (45%),6/17 (35%),11/25 (44%)
12463970,11,8,41%,59%,32/76 (42%),44/76 (58%),8/21 (38%),13/21 (62%),7/22 (32%),6/14 (43%)
13012918,3,8,52%,48%,33/61 (54%),28/61 (46%),11/24 (46%),13/24 (54%),8/21 (38%),3/8 (38%)
13036742,9,4,45%,55%,30/66 (45%),36/66 (55%),16/37 (43%),21/37 (57%),1/8 (13%),6/12 (50%)
13031655,4,5,50%,50%,16/37 (43%),21/37 (57%),15/25 (60%),10/25 (40%),1/2 (50%),2/5 (40%)
13011717,8,3,54%,46%,27/49 (55%),22/49 (45%),10/20 (50%),10/20 (50%),6/10 (60%),6/12 (50%)
12407827,10,9,53%,47%,36/62 (58%),26/62 (42%),7/19 (37%),12/19 (63%),11/15 (73%),4/6 (67%)
12656652,11,17,50%,50%,37/72 (51%),35/72 (49%),35/71 (49%),36/71 (51%),4/8 (50%),10/13 (77%)
12902951,13,5,40%,60%,20/61 (33%),41/61 (67%),25/51 (49%),26/51 (51%),3/11 (27%),10/16 (63%)
13036931,17,3,48%,52%,26/65 (40%),39/65 (60%),24/39 (62%),15/39 (38%),3/7 (43%),8/17 (47%)
12769312,8,15,61%,39%,52/86 (60%),34/86 (40%),23/37 (62%),14/37 (38%),12/24 (50%),5/17 (29%)
12902952,13,12,51%,49%,45/85 (53%),40/85 (47%),20/42 (48%),22/42 (52%),7/15 (47%),11/22 (50%)
12991503,10,5,43%,57%,21/58 (36%),37/58 (64%),20/37 (54%),17/37 (46%),4/10 (40%),5/8 (63%)
12014195,4,2,51%,49%,25/55 (45%),30/55 (55%),10/14 (71%),4/14 (29%),4/8 (50%),8/17 (47%)
13016164,16,10,46%,34%,42/143 (29%),56/145 (39%),67/93 (72%),26/93 (28%),9/10 (90%),11/16 (69%)
13016167,6,8,39%,32%,46/118 (39%),28/120 (23%),19/45 (42%),27/48 (56%),26/35 (74%),8/9 (89%)
12004432,2,2,42%,58%,22/48 (46%),26/48 (54%),9/26 (35%),17/26 (65%),7/17 (41%),8/15 (53%)
11912257,10,6,49%,51%,34/71 (48%),37/71 (52%),7/12 (58%),5/12 (42%),7/21 (33%),7/21 (33%)
12831481,6,8,53%,47%,37/71 (52%),34/71 (48%),13/23 (57%),10/23 (43%),2/4 (50%),5/14 (36%)
12831498,1,8,54%,46%,32/53 (60%),21/53 (40%),14/32 (44%),18/32 (56%),1/3 (33%),2/11 (18%)
12831500,1,8,53%,47%,27/52 (52%),25/52 (48%),9/16 (56%),7/16 (44%),3/10 (30%),0/3 (0%)
12489714,12,13,44%,56%,29/64 (45%),35/64 (55%),18/42 (43%),24/42 (57%),5/9 (56%),9/15 (60%)
12489713,3,4,44%,56%,34/70 (49%),36/70 (51%),11/32 (34%),21/32 (66%),4/9 (44%),15/25 (60%)
11907445,8,10,59%,41%,40/67 (60%),27/67 (40%),24/41 (59%),17/41 (41%),11/17 (65%),5/16 (31%)
11907446,15,5,47%,53%,29/70 (41%),41/70 (59%),21/37 (57%),16/37 (43%),6/19 (32%),4/11 (36%)
12440987,13,8,55%,45%,40/79 (51%),39/79 (49%),19/28 (68%),9/28 (32%),8/14 (57%),7/18 (39%)
12662005,3,2,46%,54%,27/55 (49%),28/55 (51%),17/40 (43%),23/40 (58%),5/11 (45%),6/14 (43%)
12662007,9,9,50%,50%,36/74 (49%),38/74 (51%),16/30 (53%),14/30 (47%),10/21 (48%),7/12 (58%)
12662008,13,12,52%,48%,41/74 (55%),33/74 (45%),13/29 (45%),16/29 (55%),6/9 (67%),6/15 (40%)
12453112,4,5,41%,59%,30/65 (46%),35/65 (54%),7/26 (27%),19/26 (73%),5/20 (25%),7/13 (54%)
12504046,9,11,52%,48%,36/74 (49%),38/74 (51%),37/66 (56%),29/66 (44%),7/14 (50%),12/20 (60%)
12503884,13,15,48%,52%,40/82 (49%),42/82 (51%),20/44 (45%),24/44 (55%),7/17 (41%),10/17 (59%)
13037267,2,8,47%,53%,35/77 (45%),42/77 (55%),9/17 (53%),8/17 (47%),5/10 (50%),21/27 (78%)
12503862,7,7,47%,53%,30/67 (45%),37/67 (55%),14/26 (54%),12/26 (46%),3/8 (38%),9/22 (41%)
12503971,14,8,43%,57%,36/86 (42%),50/86 (58%),7/15 (47%),8/15 (53%),16/24 (67%),12/22 (55%)
12503855,8,7,52%,48%,33/64 (52%),31/64 (48%),18/34 (53%),16/34 (47%),8/18 (44%),4/12 (33%)
12680611,17,15,49%,51%,45/92 (49%),47/92 (51%),22/45 (49%),23/45 (51%),10/19 (53%),9/24 (38%)
12503937,5,10,56%,44%,39/73 (53%),34/73 (47%),28/47 (60%),19/47 (40%),7/12 (58%),10/15 (67%)
12503820,11,19,51%,49%,48/86 (56%),38/86 (44%),21/48 (44%),27/48 (56%),7/13 (54%),7/17 (41%)
12065761,8,17,43%,34%,48/137 (35%),44/136 (32%),38/62 (61%),24/63 (38%),15/24 (63%),10/13 (77%)
12065762,10,2,38%,48%,36/102 (35%),45/96 (47%),18/39 (46%),20/38 (53%),15/21 (71%),17/22 (77%)
12065760,6,15,41%,28%,48/118 (41%),29/117 (25%),13/28 (46%),12/28 (43%),17/19 (89%),8/11 (73%)
12065773,7,10,38%,40%,51/129 (40%),45/121 (37%),10/28 (36%),16/29 (55%),18/22 (82%),19/25 (76%)
12065763,14,9,41%,38%,42/117 (36%),47/118 (40%),19/31 (61%),10/31 (32%),18/21 (86%),12/18 (67%)
12065767,6,14,41%,39%,42/112 (38%),38/108 (35%),27/55 (49%),26/55 (47%),12/14 (86%),19/24 (79%)
12735448,5,11,52%,48%,52/100 (52%),48/100 (48%),13/24 (54%),11/24 (46%),14/28 (50%),9/18 (50%)
12610363,7,7,41%,59%,31/72 (43%),41/72 (57%),12/33 (36%),21/33 (64%),7/16 (44%),8/15 (53%)
12940698,3,3,60%,40%,26/51 (51%),25/51 (49%),26/35 (74%),9/35 (26%),1/12 (8%),7/17 (41%)
12903507,5,9,36%,42%,36/108 (33%),42/113 (37%),16/36 (44%),22/36 (61%),13/15 (87%),15/19 (79%)
12868606,6,9,35%,37%,43/134 (32%),46/133 (35%),21/47 (45%),22/46 (48%),17/34 (50%),17/32 (53%)
12753012,2,8,54%,46%,28/44 (64%),16/44 (36%),4/15 (27%),11/15 (73%),3/9 (33%),1/4 (25%)
12753024,9,11,56%,44%,32/57 (56%),25/57 (44%),8/14 (57%),6/14 (43%),1/4 (25%),2/7 (29%)
12753036,3,6,49%,51%,28/58 (48%),30/58 (52%),7/14 (50%),7/14 (50%),1/10 (10%),5/18 (28%)
13019043,5,3,36%,35%,36/111 (32%),42/112 (38%),10/14 (71%),3/14 (21%),17/20 (85%),15/21 (71%)
12425088,4,2,34%,35%,41/115 (36%),35/113 (31%),10/31 (32%),17/35 (49%),14/19 (74%),12/15 (80%)
13008779,13,1,45%,55%,26/69 (38%),43/69 (62%),19/32 (59%),13/32 (41%),6/17 (35%),5/11 (45%)
13019046,8,9,51%,49%,33/60 (55%),27/60 (45%),11/27 (41%),16/27 (59%),3/10 (30%),1/7 (14%)
13029521,9,8,38%,35%,43/117 (37%),39/117 (33%),13/27 (48%),13/29 (45%),14/23 (61%),11/18 (61%)
13041742,3,13,31%,42%,24/79 (30%),27/80 (34%),9/27 (33%),18/27 (67%),5/9 (56%),6/6 (100%)
12497319,12,4,37%,32%,34/107 (32%),32/108 (30%),19/33 (58%),13/29 (45%),20/26 (77%),12/21 (57%)
12497311,5,9,38%,35%,57/154 (37%),50/150 (33%),13/28 (46%),14/30 (47%),13/15 (87%),24/31 (77%)
12497305,11,15,32%,37%,41/127 (32%),40/128 (31%),11/31 (35%),20/32 (63%),10/13 (77%),9/10 (90%)
11989123,6,4,31%,43%,32/131 (24%),63/134 (47%),24/45 (53%),14/43 (33%),9/15 (60%),30/39 (77%)
11989126,3,4,42%,37%,28/74 (38%),26/83 (31%),29/61 (48%),31/68 (46%),12/16 (75%),9/11 (82%)
12651004,6,9,39%,38%,36/100 (36%),38/100 (38%),8/11 (73%),6/14 (43%),18/23 (78%),11/15 (73%)
12598355,10,9,40%,40%,54/135 (40%),48/136 (35%),18/43 (42%),26/49 (53%),20/28 (71%),13/15 (87%)
12085469,11,13,31%,42%,43/158 (27%),66/164 (40%),20/42 (48%),21/43 (49%),10/15 (67%),17/22 (77%)
12963291,4,7,32%,31%,22/80 (28%),22/81 (27%),10/19 (53%),9/18 (50%),7/8 (88%),8/17 (47%)
13023452,6,6,28%,43%,38/146 (26%),73/178 (41%),12/32 (38%),19/32 (59%),10/13 (77%),37/46 (80%)
12448840,5,7,44%,30%,47/107 (44%),25/106 (24%),18/40 (45%),20/43 (47%),26/31 (84%),7/10 (70%)
12518416,7,12,60%,40%,32/53 (60%),21/53 (40%),8/14 (57%),6/14 (43%),0/3 (0%),0/3 (0%)
12522419,8,5,58%,42%,50/91 (55%),41/91 (45%),17/24 (71%),7/24 (29%),21/46 (46%),4/16 (25%)
13019039,4,13,60%,40%,41/70 (59%),29/70 (41%),12/19 (63%),7/19 (37%),16/24 (67%),4/8 (50%)
12923109,8,4,46%,54%,25/57 (44%),32/57 (56%),8/14 (57%),6/14 (43%),9/14 (64%),7/14 (50%)
12923104,9,9,50%,50%,37/77 (48%),40/77 (52%),8/13 (62%),5/13 (38%),9/14 (64%),15/26 (58%)
12923103,18,8,46%,54%,44/91 (48%),47/91 (52%),7/19 (37%),12/19 (63%),7/20 (35%),9/25 (36%)
12923107,5,4,45%,55%,33/75 (44%),42/75 (56%),8/16 (50%),8/16 (50%),13/23 (57%),18/25 (72%)
12923108,6,10,49%,51%,37/69 (54%),32/69 (46%),4/14 (29%),10/14 (71%),6/15 (40%),11/21 (52%)
12923105,2,5,55%,45%,36/72 (50%),36/72 (50%),17/24 (71%),7/24 (29%),10/23 (43%),11/21 (52%)
12473120,7,6,39%,39%,27/89 (30%),31/88 (35%),35/69 (51%),30/65 (46%),11/16 (69%),9/12 (75%)
12473122,10,11,43%,38%,36/96 (38%),32/95 (34%),26/45 (58%),22/46 (48%),11/15 (73%),7/11 (64%)
12473125,4,9,45%,34%,37/99 (37%),34/102 (33%),35/59 (59%),19/53 (36%),18/23 (78%),17/19 (89%)
12246985,8,8,31%,41%,33/120 (28%),47/116 (41%),12/22 (55%),10/23 (43%),14/25 (56%),12/15 (80%)
12199061,2,3,39%,38%,39/114 (34%),37/113 (33%),32/65 (49%),34/70 (49%),21/26 (81%),9/12 (75%)
12767356,8,8,32%,38%,33/122 (27%),48/133 (36%),16/29 (55%),15/31 (48%),14/27 (52%),11/21 (52%)
12767360,7,9,32%,43%,52/170 (31%),55/143 (38%),23/63 (37%),34/60 (57%),22/37 (59%),21/28 (75%)
12767375,7,11,43%,30%,46/124 (37%),33/126 (26%),25/41 (61%),17/40 (43%),18/24 (75%),8/12 (67%)
12767362,9,6,31%,40%,32/141 (23%),58/143 (41%),31/62 (50%),25/60 (42%),9/19 (47%),18/21 (86%)
12767354,8,12,37%,32%,59/166 (36%),50/173 (29%),21/46 (46%),21/44 (48%),14/25 (56%),14/21 (67%)
13014313,9,13,64%,36%,43/66 (65%),23/66 (35%),6/10 (60%),4/10 (40%),13/16 (81%),4/10 (40%)
13014305,3,6,44%,56%,30/67 (45%),37/67 (55%),2/5 (40%),3/5 (60%),7/15 (47%),7/10 (70%)
13023005,8,9,47%,53%,30/71 (42%),41/71 (58%),10/15 (67%),5/15 (33%),8/20 (40%),11/15 (73%)
13006575,10,18,55%,45%,37/74 (50%),37/74 (50%),17/25 (68%),8/25 (32%),9/20 (45%),10/14 (71%)
13005422,9,12,49%,51%,41/83 (49%),42/83 (51%),4/9 (44%),5/9 (56%),11/20 (55%),11/22 (50%)
13005420,10,12,51%,49%,45/87 (52%),42/87 (48%),7/14 (50%),7/14 (50%),9/16 (56%),18/30 (60%)
13006576,9,4,47%,53%,33/69 (48%),36/69 (52%),7/16 (44%),9/16 (56%),11/24 (46%),5/12 (42%)
13005427,15,15,44%,56%,32/69 (46%),37/69 (54%),3/11 (27%),8/11 (73%),1/9 (11%),11/17 (65%)
13045718,2,15,55%,45%,39/68 (57%),29/68 (43%),15/31 (48%),16/31 (52%),10/20 (50%),3/9 (33%)
13009004,2,7,61%,39%,25/41 (61%),16/41 (39%),12/20 (60%),8/20 (40%),11/20 (55%),1/3 (33%)
12499348,7,9,56%,44%,40/73 (55%),33/73 (45%),21/36 (58%),15/36 (42%),6/11 (55%),6/13 (46%)
12499354,10,10,53%,47%,44/83 (53%),39/83 (47%),15/28 (54%),13/28 (46%),9/18 (50%),7/12 (58%)
12499355,4,15,49%,51%,40/78 (51%),38/78 (49%),8/20 (40%),12/20 (60%),9/24 (38%),5/15 (33%)
12499350,7,5,45%,55%,25/52 (48%),27/52 (52%),10/26 (38%),16/26 (62%),3/10 (30%),3/8 (38%)
12499357,11,8,51%,49%,36/72 (50%),36/72 (50%),15/28 (54%),13/28 (46%),9/15 (60%),10/19 (53%)
12499347,11,9,50%,50%,38/77 (49%),39/77 (51%),15/28 (54%),13/28 (46%),10/19 (53%),6/14 (43%)
12499353,8,7,58%,42%,36/60 (60%),24/60 (40%),12/23 (52%),11/23 (48%),15/18 (83%),6/16 (38%)
12900855,10,9,50%,50%,44/89 (49%),45/89 (51%),12/24 (50%),12/24 (50%),8/17 (47%),12/25 (48%)
12970179,10,8,46%,54%,28/56 (50%),28/56 (50%),8/22 (36%),14/22 (64%),1/3 (33%),8/18 (44%)
12970160,8,13,55%,45%,45/82 (55%),37/82 (45%),17/31 (55%),14/31 (45%),6/15 (40%),5/13 (38%)
12970153,17,8,52%,48%,45/84 (54%),39/84 (46%),12/25 (48%),13/25 (52%),9/11 (82%),13/32 (41%)
12970192,13,7,43%,57%,42/89 (47%),47/89 (53%),3/16 (19%),13/16 (81%),4/10 (40%),11/33 (33%)
12970193,3,4,61%,39%,27/41 (66%),14/41 (34%),12/23 (52%),11/23 (48%),6/7 (86%),4/9 (44%)
12970166,13,16,52%,48%,42/76 (55%),34/76 (45%),3/11 (27%),8/11 (73%),2/3 (67%),7/16 (44%)
12970187,11,7,45%,55%,26/58 (45%),32/58 (55%),3/7 (43%),4/7 (57%),7/12 (58%),10/15 (67%)
12970142,4,3,51%,48%,19/41 (46%),21/41 (51%),12/20 (60%),8/20 (40%),7/13 (54%),4/9 (44%)
12970163,4,11,51%,49%,36/69 (52%),33/69 (48%),4/10 (40%),6/10 (60%),9/15 (60%),9/15 (60%)
12970188,9,10,39%,61%,29/66 (44%),37/66 (56%),0/9 (0%),9/9 (100%),1/9 (11%),3/8 (38%)
12970174,13,10,45%,55%,25/58 (43%),33/58 (57%),8/16 (50%),8/16 (50%),3/5 (60%),5/9 (56%)
12970139,6,7,46%,53%,32/65 (49%),32/64 (50%),10/26 (38%),16/26 (62%),5/11 (45%),11/18 (61%)
12970147,2,7,53%,47%,22/41 (54%),19/41 (46%),3/6 (50%),3/6 (50%),3/7 (43%),4/8 (50%)
12970161,4,5,44%,56%,29/61 (48%),32/61 (52%),3/11 (27%),8/11 (73%),4/9 (44%),15/24 (63%)
12970156,5,13,61%,39%,31/53 (58%),22/53 (42%),6/8 (75%),2/8 (25%),5/14 (36%),2/8 (25%)
12375376,6,4,45%,55%,31/64 (48%),33/64 (52%),19/48 (40%),29/48 (60%),5/15 (33%),8/17 (47%)
12375375,5,3,42%,58%,22/47 (47%),25/47 (53%),20/52 (38%),32/52 (62%),7/13 (54%),3/4 (75%)
12378099,9,6,46%,54%,28/62 (45%),34/62 (55%),19/41 (46%),22/41 (54%),6/19 (32%),5/16 (31%)
12774386,8,5,50%,50%,36/73 (49%),37/73 (51%),15/30 (50%),15/30 (50%),8/16 (50%),7/18 (39%)
12946553,10,12,44%,56%,34/83 (41%),49/83 (59%),14/27 (52%),13/27 (48%),8/24 (33%),11/17 (65%)
12477076,8,9,45%,55%,28/62 (45%),34/62 (55%),13/29 (45%),16/29 (55%),8/16 (50%),6/10 (60%)
12477077,4,8,46%,54%,27/58 (47%),31/58 (53%),25/55 (45%),30/55 (55%),6/16 (38%),7/9 (78%)
12477074,5,6,47%,53%,27/60 (45%),33/60 (55%),24/48 (50%),24/48 (50%),3/14 (21%),3/12 (25%)
12477073,8,2,55%,45%,42/74 (57%),32/74 (43%),22/42 (52%),20/42 (48%),12/18 (67%),10/26 (38%)
12477071,7,12,47%,53%,35/74 (47%),39/74 (53%),16/34 (47%),18/34 (53%),6/19 (32%),5/15 (33%)
12477075,16,14,49%,51%,42/88 (48%),46/88 (52%),17/32 (53%),15/32 (47%),6/16 (38%),14/18 (78%)
12904468,3,5,60%,40%,25/44 (57%),19/44 (43%),10/14 (71%),4/14 (29%),3/9 (33%),6/12 (50%)
12904463,10,3,51%,49%,26/54 (48%),28/54 (52%),15/27 (56%),12/27 (44%),8/15 (53%),2/8 (25%)
12904464,7,10,59%,41%,47/78 (60%),31/78 (40%),5/10 (50%),5/10 (50%),19/25 (76%),10/17 (59%)
12904462,21,4,45%,55%,37/83 (45%),46/83 (55%),12/25 (48%),13/25 (52%),11/25 (44%),5/12 (42%)
12904466,13,8,50%,50%,25/54 (46%),29/54 (54%),14/24 (58%),10/24 (42%),5/11 (45%),2/10 (20%)
12928319,6,8,48%,52%,32/64 (50%),32/64 (50%),3/9 (33%),6/9 (67%),8/16 (50%),7/9 (78%)
12904467,9,9,43%,57%,28/65 (43%),37/65 (57%),8/19 (42%),11/19 (58%),8/13 (62%),12/19 (63%)
12904469,8,7,39%,61%,27/63 (43%),36/63 (57%),4/17 (24%),13/17 (76%),3/6 (50%),9/20 (45%)
12773665,10,9,53%,47%,30/61 (49%),31/61 (51%),12/18 (67%),6/18 (33%),6/12 (50%),4/11 (36%)
12773646,10,14,51%,49%,42/76 (55%),34/76 (45%),11/28 (39%),17/28 (61%),4/13 (31%),9/19 (47%)
12773642,6,7,51%,49%,24/50 (48%),26/50 (52%),18/32 (56%),14/32 (44%),4/11 (36%),5/10 (50%)
12791854,8,11,56%,44%,26/49 (53%),23/49 (47%),14/23 (61%),9/23 (39%),6/13 (46%),3/5 (60%)
12773671,8,8,55%,45%,41/76 (54%),35/76 (46%),17/30 (57%),13/30 (43%),4/10 (40%),8/25 (32%)
12791853,6,10,52%,48%,35/74 (47%),39/74 (53%),23/38 (61%),15/38 (39%),5/18 (28%),6/11 (55%)
12773663,7,11,52%,48%,35/73 (48%),38/73 (52%),16/26 (62%),10/26 (38%),7/18 (39%),9/14 (64%)
12773652,10,6,47%,53%,38/86 (44%),48/86 (56%),14/25 (56%),11/25 (44%),3/15 (20%),8/20 (40%)
12773674,5,3,48%,52%,31/57 (54%),26/57 (46%),9/26 (35%),17/26 (65%),10/17 (59%),8/12 (67%)
12773668,10,9,45%,55%,31/77 (40%),46/77 (60%),15/25 (60%),10/25 (40%),9/21 (43%),6/9 (67%)
12773662,4,4,52%,48%,24/46 (52%),22/46 (48%),22/43 (51%),21/43 (49%),6/9 (67%),9/13 (69%)
12773670,6,6,53%,47%,24/52 (46%),28/52 (54%),22/34 (65%),12/34 (35%),4/10 (40%),3/8 (38%)
12773643,14,12,46%,54%,36/79 (46%),43/79 (54%),6/12 (50%),6/12 (50%),2/4 (50%),11/23 (48%)
12773661,1,8,57%,43%,30/49 (61%),19/49 (39%),18/35 (51%),17/35 (49%),3/5 (60%),8/15 (53%)
12773672,17,15,48%,52%,53/99 (54%),46/99 (46%),16/46 (35%),30/46 (65%),12/19 (63%),12/22 (55%)
12773664,5,13,62%,38%,33/59 (56%),26/59 (44%),16/20 (80%),4/20 (20%),5/7 (71%),4/11 (36%)
12924425,15,4,50%,50%,44/97 (45%),53/97 (55%),31/52 (60%),21/52 (40%),7/27 (26%),6/20 (30%)
12924407,2,2,65%,35%,24/34 (71%),10/34 (29%),17/29 (59%),12/29 (41%),3/3 (100%),0/3 (0%)
12924421,23,10,47%,53%,34/79 (43%),45/79 (57%),13/21 (62%),8/21 (38%),10/10 (100%),8/15 (53%)
12924416,8,6,52%,48%,41/81 (51%),40/81 (49%),14/25 (56%),11/25 (44%),5/14 (36%),10/29 (34%)
12924418,9,13,55%,45%,45/78 (58%),33/78 (42%),18/36 (50%),18/36 (50%),8/14 (57%),5/15 (33%)
12924429,9,9,47%,53%,27/58 (47%),31/58 (53%),7/14 (50%),7/14 (50%),0/5 (0%),4/11 (36%)
12924410,12,4,38%,62%,28/69 (41%),41/69 (59%),7/22 (32%),15/22 (68%),7/11 (64%),16/24 (67%)
12924422,10,9,45%,55%,35/76 (46%),41/76 (54%),5/13 (38%),8/13 (62%),9/18 (50%),7/16 (44%)
12924424,12,18,51%,49%,40/76 (53%),36/76 (47%),9/21 (43%),12/21 (57%),9/17 (53%),8/12 (67%)
12924420,6,10,43%,57%,29/73 (40%),44/73 (60%),14/27 (52%),13/27 (48%),2/11 (18%),7/15 (47%)
12924411,10,10,43%,57%,33/76 (43%),43/76 (57%),13/31 (42%),18/31 (58%),1/7 (14%),14/26 (54%)
12924408,15,12,44%,56%,28/69 (41%),41/69 (59%),21/43 (49%),22/43 (51%),6/18 (33%),5/7 (71%)
12924419,6,8,56%,44%,30/50 (60%),20/50 (40%),15/30 (50%),15/30 (50%),3/5 (60%),10/22 (45%)
12924428,8,14,48%,52%,33/70 (47%),37/70 (53%),7/14 (50%),7/14 (50%),7/14 (50%),13/15 (87%)
12924430,8,12,46%,54%,35/74 (47%),39/74 (53%),11/25 (44%),14/25 (56%),8/16 (50%),11/18 (61%)
12924409,8,7,55%,45%,29/52 (56%),23/52 (44%),5/10 (50%),5/10 (50%),4/9 (44%),3/10 (30%)
12924431,5,9,54%,46%,36/62 (58%),26/62 (42%),13/29 (45%),16/29 (55%),6/10 (60%),5/14 (36%)
12924412,18,20,54%,46%,63/124 (51%),61/124 (49%),24/37 (65%),13/37 (35%),4/10 (40%),18/48 (38%)
12924414,7,8,51%,49%,36/66 (55%),30/66 (45%),14/32 (44%),18/32 (56%),9/11 (82%),11/22 (50%)
13010881,4,6,47%,53%,33/60 (55%),27/60 (45%),12/36 (33%),24/36 (67%),11/20 (55%),6/12 (50%)
13010887,8,2,51%,49%,34/69 (49%),35/69 (51%),17/31 (55%),14/31 (45%),12/18 (67%),13/21 (62%)
12527741,3,10,62%,38%,44/63 (70%),19/63 (30%),20/40 (50%),20/40 (50%),8/12 (67%),2/9 (22%)
12527866,10,11,53%,47%,47/90 (52%),43/90 (48%),35/64 (55%),29/64 (45%),4/11 (36%),5/16 (31%)
12527868,12,7,55%,45%,40/72 (56%),32/72 (44%),23/42 (55%),19/42 (45%),11/18 (61%),4/12 (33%)
12527870,10,9,54%,46%,43/71 (61%),28/71 (39%),20/45 (44%),25/45 (56%),8/15 (53%),3/17 (18%)
12527872,8,11,56%,44%,46/88 (52%),42/88 (48%),26/41 (63%),15/41 (37%),5/13 (38%),8/21 (38%)
12527873,5,6,58%,42%,38/61 (62%),23/61 (38%),15/30 (50%),15/30 (50%),4/7 (57%),6/15 (40%)
12527874,4,8,53%,47%,29/61 (48%),32/61 (52%),28/46 (61%),18/46 (39%),5/11 (45%),6/11 (55%)
12527867,5,9,50%,50%,30/64 (47%),34/64 (53%),16/28 (57%),12/28 (43%),4/12 (33%),11/17 (65%)
12527869,12,3,55%,45%,38/66 (58%),28/66 (42%),10/21 (48%),11/21 (52%),4/7 (57%),3/6 (50%)
12527871,2,9,54%,46%,26/52 (50%),26/52 (50%),17/28 (61%),11/28 (39%),4/9 (44%),8/11 (73%)
12451237,5,7,58%,42%,39/61 (64%),22/61 (36%),6/16 (38%),10/16 (63%),8/16 (50%),4/14 (29%)
12451239,6,13,59%,41%,48/80 (60%),32/80 (40%),28/49 (57%),21/49 (43%),11/20 (55%),7/13 (54%)
12451236,6,6,43%,57%,25/54 (46%),29/54 (54%),15/40 (38%),25/40 (63%),5/10 (50%),7/11 (64%)
12451241,9,13,59%,41%,39/66 (59%),27/66 (41%),36/62 (58%),26/62 (42%),12/15 (80%),9/12 (75%)
12451240,5,16,59%,41%,61/96 (64%),35/96 (36%),26/52 (50%),26/52 (50%),16/23 (70%),3/16 (19%)
12451242,11,10,62%,38%,46/82 (56%),36/82 (44%),27/36 (75%),9/36 (25%),8/13 (62%),11/21 (52%)
12451244,8,6,44%,56%,20/49 (41%),29/49 (59%),13/26 (50%),13/26 (50%),2/7 (29%),4/9 (44%)
12451245,4,13,57%,43%,43/75 (57%),32/75 (43%),13/24 (54%),11/24 (46%),10/13 (77%),12/24 (50%)
12615585,11,7,46%,54%,33/68 (49%),35/68 (51%),7/19 (37%),12/19 (63%),4/12 (33%),8/18 (44%)
12146527,2,6,54%,46%,32/62 (52%),30/62 (48%),13/22 (59%),9/22 (41%),2/11 (18%),4/10 (40%)
12146520,7,7,46%,54%,34/74 (46%),40/74 (54%),12/27 (44%),15/27 (56%),7/14 (50%),5/15 (33%)
12988222,4,5,44%,56%,22/43 (51%),21/43 (49%),2/12 (17%),10/12 (83%),2/7 (29%),0/3 (0%)
12146521,7,7,56%,44%,35/56 (63%),21/56 (38%),10/24 (42%),14/24 (58%),4/8 (50%),0/4 (0%)
13036742,9,4,45%,55%,30/66 (45%),36/66 (55%),16/37 (43%),21/37 (57%),1/8 (13%),6/12 (50%)
13031655,4,5,50%,50%,16/37 (43%),21/37 (57%),15/25 (60%),10/25 (40%),1/2 (50%),2/5 (40%)
13011717,8,3,54%,46%,27/49 (55%),22/49 (45%),10/20 (50%),10/20 (50%),6/10 (60%),6/12 (50%)
12902951,13,5,40%,60%,20/61 (33%),41/61 (67%),25/51 (49%),26/51 (51%),3/11 (27%),10/16 (63%)
13036931,17,3,48%,52%,26/65 (40%),39/65 (60%),24/39 (62%),15/39 (38%),3/7 (43%),8/17 (47%)
12769312,8,15,61%,39%,52/86 (60%),34/86 (40%),23/37 (62%),14/37 (38%),12/24 (50%),5/17 (29%)
12902952,13,12,51%,49%,45/85 (53%),40/85 (47%),20/42 (48%),22/42 (52%),7/15 (47%),11/22 (50%)
13015430,9,6,42%,58%,26/61 (43%),35/61 (57%),9/23 (39%),14/23 (61%),2/6 (33%),12/19 (63%)
13015432,7,6,52%,48%,25/48 (52%),23/48 (48%),20/38 (53%),18/38 (47%),5/10 (50%),4/9 (44%)
12744969,3,10,57%,43%,40/61 (66%),21/61 (34%),9/25 (36%),16/25 (64%),9/16 (56%),7/13 (54%)
12004432,2,2,42%,58%,22/48 (46%),26/48 (54%),9/26 (35%),17/26 (65%),7/17 (41%),8/15 (53%)
12440987,13,8,55%,45%,40/79 (51%),39/79 (49%),19/28 (68%),9/28 (32%),8/14 (57%),7/18 (39%)
12439866,5,12,47%,53%,35/67 (52%),32/67 (48%),9/27 (33%),18/27 (67%),4/12 (33%),8/22 (36%)
12440995,5,5,56%,44%,19/41 (46%),22/41 (54%),11/13 (85%),2/13 (15%),4/8 (50%),4/9 (44%)
12440988,9,10,49%,51%,33/71 (46%),38/71 (54%),15/27 (56%),12/27 (44%),3/12 (25%),1/9 (11%)
12662005,3,2,46%,54%,27/55 (49%),28/55 (51%),17/40 (43%),23/40 (58%),5/11 (45%),6/14 (43%)
12662007,9,9,50%,50%,36/74 (49%),38/74 (51%),16/30 (53%),14/30 (47%),10/21 (48%),7/12 (58%)
12662008,13,12,52%,48%,41/74 (55%),33/74 (45%),13/29 (45%),16/29 (55%),6/9 (67%),6/15 (40%)
12662009,9,3,43%,57%,25/58 (43%),33/58 (57%),17/40 (43%),23/40 (58%),7/16 (44%),4/10 (40%)
12662004,9,9,46%,54%,34/75 (45%),41/75 (55%),18/39 (46%),21/39 (54%),6/13 (46%),15/24 (63%)
12662002,9,5,46%,54%,30/68 (44%),38/68 (56%),7/12 (58%),5/12 (42%),8/14 (57%),6/14 (43%)
12661999,8,7,47%,53%,28/63 (44%),35/63 (56%),14/27 (52%),13/27 (48%),8/16 (50%),5/9 (56%)
12504046,9,11,52%,48%,36/74 (49%),38/74 (51%),37/66 (56%),29/66 (44%),7/14 (50%),12/20 (60%)
12503884,13,15,48%,52%,40/82 (49%),42/82 (51%),20/44 (45%),24/44 (55%),7/17 (41%),10/17 (59%)
13037267,2,8,47%,53%,35/77 (45%),42/77 (55%),9/17 (53%),8/17 (47%),5/10 (50%),21/27 (78%)
12503862,7,7,47%,53%,30/67 (45%),37/67 (55%),14/26 (54%),12/26 (46%),3/8 (38%),9/22 (41%)
12503971,14,8,43%,57%,36/86 (42%),50/86 (58%),7/15 (47%),8/15 (53%),16/24 (67%),12/22 (55%)
12503855,8,7,52%,48%,33/64 (52%),31/64 (48%),18/34 (53%),16/34 (47%),8/18 (44%),4/12 (33%)
12680611,17,15,49%,51%,45/92 (49%),47/92 (51%),22/45 (49%),23/45 (51%),10/19 (53%),9/24 (38%)
12503937,5,10,56%,44%,39/73 (53%),34/73 (47%),28/47 (60%),19/47 (40%),7/12 (58%),10/15 (67%)
12503820,11,19,51%,49%,48/86 (56%),38/86 (44%),21/48 (44%),27/48 (56%),7/13 (54%),7/17 (41%)
12065773,7,10,38%,40%,51/129 (40%),45/121 (37%),10/28 (36%),16/29 (55%),18/22 (82%),19/25 (76%)
12065763,14,9,41%,38%,42/117 (36%),47/118 (40%),19/31 (61%),10/31 (32%),18/21 (86%),12/18 (67%)
12065767,6,14,41%,39%,42/112 (38%),38/108 (35%),27/55 (49%),26/55 (47%),12/14 (86%),19/24 (79%)
12961015,8,11,54%,46%,33/65 (51%),32/65 (49%),14/22 (64%),8/22 (36%),1/9 (11%),5/14 (36%)
12735448,5,11,52%,48%,52/100 (52%),48/100 (48%),13/24 (54%),11/24 (46%),14/28 (50%),9/18 (50%)
12610363,7,7,41%,59%,31/72 (43%),41/72 (57%),12/33 (36%),21/33 (64%),7/16 (44%),8/15 (53%)
12661036,9,6,48%,52%,35/71 (49%),36/71 (51%),9/20 (45%),11/20 (55%),5/12 (42%),8/15 (53%)
12661039,8,5,45%,55%,29/71 (41%),42/71 (59%),20/37 (54%),17/37 (46%),3/14 (21%),9/17 (53%)
12940698,3,3,60%,40%,26/51 (51%),25/51 (49%),26/35 (74%),9/35 (26%),1/12 (8%),7/17 (41%)
12903507,5,9,36%,42%,36/108 (33%),42/113 (37%),16/36 (44%),22/36 (61%),13/15 (87%),15/19 (79%)
12903499,2,10,33%,35%,39/124 (31%),36/122 (30%),14/33 (42%),20/38 (53%),20/26 (77%),24/34 (71%)
12903503,4,2,28%,47%,41/146 (28%),66/143 (46%),12/38 (32%),20/39 (51%),20/32 (63%),33/44 (75%)
12903501,6,4,28%,48%,35/126 (28%),55/119 (46%),9/26 (35%),20/35 (57%),16/21 (76%),29/35 (83%)
12903502,4,3,31%,48%,41/130 (32%),47/108 (44%),8/25 (32%),23/35 (66%),13/19 (68%),32/40 (80%)
12903506,12,3,36%,31%,47/138 (34%),28/107 (26%),18/38 (47%),20/47 (43%),16/24 (67%),8/11 (73%)
12903505,17,9,39%,34%,68/201 (34%),63/196 (32%),36/60 (60%),23/56 (41%),26/35 (74%),14/30 (47%)
12868606,6,9,35%,37%,43/134 (32%),46/133 (35%),21/47 (45%),22/46 (48%),17/34 (50%),17/32 (53%)
12856761,6,5,52%,48%,30/60 (50%),30/60 (50%),11/19 (58%),8/19 (42%),6/18 (33%),5/12 (42%)
12753024,9,11,56%,44%,32/57 (56%),25/57 (44%),8/14 (57%),6/14 (43%),1/4 (25%),2/7 (29%)
12753036,3,6,49%,51%,28/58 (48%),30/58 (52%),7/14 (50%),7/14 (50%),1/10 (10%),5/18 (28%)
12753027,8,1,40%,60%,15/38 (39%),23/38 (61%),2/4 (50%),2/4 (50%),4/7 (57%),5/8 (63%)
12753031,8,8,64%,36%,33/52 (63%),19/52 (37%),3/4 (75%),1/4 (25%),1/3 (33%),1/7 (14%)
12753030,3,9,46%,54%,31/65 (48%),34/65 (52%),10/24 (42%),14/24 (58%),1/9 (11%),5/15 (33%)
13008779,13,1,45%,55%,26/69 (38%),43/69 (62%),19/32 (59%),13/32 (41%),6/17 (35%),5/11 (45%)
13019046,8,9,51%,49%,33/60 (55%),27/60 (45%),11/27 (41%),16/27 (59%),3/10 (30%),1/7 (14%)
13029524,5,6,33%,39%,35/106 (33%),39/103 (38%),8/21 (38%),11/24 (46%),8/11 (73%),17/21 (81%)
13029522,4,9,41%,39%,49/115 (43%),40/118 (34%),8/23 (35%),16/23 (70%),18/28 (64%),12/25 (48%)
13036833,5,6,42%,35%,50/112 (45%),39/129 (30%),9/28 (32%),18/32 (56%),17/21 (81%),8/12 (67%)
12981459,14,7,36%,38%,57/167 (34%),56/160 (35%),17/38 (45%),20/37 (54%),27/42 (64%),18/25 (72%)
13023452,6,6,28%,43%,38/146 (26%),73/178 (41%),12/32 (38%),19/32 (59%),10/13 (77%),37/46 (80%)
12765385,8,10,39%,34%,49/142 (35%),45/140 (32%),23/42 (55%),19/44 (43%),17/21 (81%),7/8 (88%)
12522419,8,5,58%,42%,50/91 (55%),41/91 (45%),17/24 (71%),7/24 (29%),21/46 (46%),4/16 (25%)
12522418,10,14,61%,39%,45/78 (58%),33/78 (42%),23/34 (68%),11/34 (32%),12/15 (80%),9/12 (75%)
12923103,18,8,46%,54%,44/91 (48%),47/91 (52%),7/19 (37%),12/19 (63%),7/20 (35%),9/25 (36%)
12923107,5,4,45%,55%,33/75 (44%),42/75 (56%),8/16 (50%),8/16 (50%),13/23 (57%),18/25 (72%)
12923108,6,10,49%,51%,37/69 (54%),32/69 (46%),4/14 (29%),10/14 (71%),6/15 (40%),11/21 (52%)
12923105,2,5,55%,45%,36/72 (50%),36/72 (50%),17/24 (71%),7/24 (29%),10/23 (43%),11/21 (52%)
12923106,12,10,49%,51%,36/73 (49%),37/73 (51%),11/22 (50%),11/22 (50%),2/7 (29%),16/33 (48%)
12473120,7,6,39%,39%,27/89 (30%),31/88 (35%),35/69 (51%),30/65 (46%),11/16 (69%),9/12 (75%)
12473122,10,11,43%,38%,36/96 (38%),32/95 (34%),26/45 (58%),22/46 (48%),11/15 (73%),7/11 (64%)
12473125,4,9,45%,34%,37/99 (37%),34/102 (33%),35/59 (59%),19/53 (36%),18/23 (78%),17/19 (89%)
12767356,8,8,32%,38%,33/122 (27%),48/133 (36%),16/29 (55%),15/31 (48%),14/27 (52%),11/21 (52%)
12767360,7,9,32%,43%,52/170 (31%),55/143 (38%),23/63 (37%),34/60 (57%),22/37 (59%),21/28 (75%)
12767375,7,11,43%,30%,46/124 (37%),33/126 (26%),25/41 (61%),17/40 (43%),18/24 (75%),8/12 (67%)
12767362,9,6,31%,40%,32/141 (23%),58/143 (41%),31/62 (50%),25/60 (42%),9/19 (47%),18/21 (86%)
12767354,8,12,37%,32%,59/166 (36%),50/173 (29%),21/46 (46%),21/44 (48%),14/25 (56%),14/21 (67%)
12767369,3,3,32%,35%,35/105 (33%),30/90 (33%),3/11 (27%),6/11 (55%),18/28 (64%),10/12 (83%)
12767377,3,4,32%,38%,39/147 (27%),52/144 (36%),24/49 (49%),23/52 (44%),13/19 (68%),24/32 (75%)
13014313,9,13,64%,36%,43/66 (65%),23/66 (35%),6/10 (60%),4/10 (40%),13/16 (81%),4/10 (40%)
13014305,3,6,44%,56%,30/67 (45%),37/67 (55%),2/5 (40%),3/5 (60%),7/15 (47%),7/10 (70%)
13014306,7,12,52%,48%,34/68 (50%),34/68 (50%),15/26 (58%),11/26 (42%),11/15 (73%),4/4 (100%)
13014308,8,9,50%,50%,25/49 (51%),24/49 (49%),8/17 (47%),9/17 (53%),1/5 (20%),3/8 (38%)
13005422,9,12,49%,51%,41/83 (49%),42/83 (51%),4/9 (44%),5/9 (56%),11/20 (55%),11/22 (50%)
13005420,10,12,51%,49%,45/87 (52%),42/87 (48%),7/14 (50%),7/14 (50%),9/16 (56%),18/30 (60%)
13006576,9,4,47%,53%,33/69 (48%),36/69 (52%),7/16 (44%),9/16 (56%),11/24 (46%),5/12 (42%)
13005427,15,15,44%,56%,32/69 (46%),37/69 (54%),3/11 (27%),8/11 (73%),1/9 (11%),11/17 (65%)
13045718,2,15,55%,45%,39/68 (57%),29/68 (43%),15/31 (48%),16/31 (52%),10/20 (50%),3/9 (33%)
13009004,2,7,61%,39%,25/41 (61%),16/41 (39%),12/20 (60%),8/20 (40%),11/20 (55%),1/3 (33%)
13006577,13,3,59%,41%,41/69 (59%),28/69 (41%),6/10 (60%),4/10 (40%),11/15 (73%),3/18 (17%)
