match_id,home_ball_possession,away_ball_possession,home_big_chances,away_big_chances,home_total_shots,away_total_shots,home_goalkeeper_saves,away_goalkeeper_saves,home_corner_kicks,away_corner_kicks,home_fouls,away_fouls,home_passes,away_passes,home_tackles,away_tackles,home_free_kicks,away_free_kicks,home_yellow_cards,away_yellow_cards,home_expected_goals,away_expected_goals,home_red_cards,away_red_cards
12437045,50%,50%,1,3,17,11,1,5,7,4,13,16,459,450,12,13,15,13,6,3,1.61,1.81,,
12437046,34%,66%,1,2,14,11,3,5,8,8,16,12,247,517,32,19,12,16,4,4,0.78,0.74,,
12437050,43%,57%,4,5,12,18,4,1,6,5,6,7,393,538,11,19,6,6,5,1,3.00,2.34,,
12437040,45%,55%,2,2,9,9,2,1,1,3,14,14,383,466,17,16,14,14,2,2,0.92,0.81,,
12437618,39%,61%,3,0,7,18,5,1,4,2,15,17,363,587,17,13,17,15,2,2,1.62,0.92,,
12437607,64%,36%,5,1,15,2,0,4,8,2,20,20,389,232,12,20,18,17,3,7,2.26,0.60,,
12437613,42%,58%,4,1,24,10,3,3,3,10,8,4,380,533,21,9,4,8,3,2,1.94,0.54,,
12437625,75%,25%,2,1,19,10,2,9,14,4,7,14,584,199,14,13,13,6,3,4,1.65,0.98,,
12437611,33%,67%,1,0,4,20,1,1,1,14,9,12,272,537,20,18,12,8,5,1,0.61,0.59,1,0
12499340,61%,39%,5,0,18,6,2,2,7,4,12,6,552,353,13,19,6,11,3,1,2.18,0.27,,
12499341,46%,54%,1,1,13,6,,,4,3,17,16,347,415,20,10,16,17,4,2,1.14,0.48,1,0
12499339,47%,53%,3,3,18,10,1,5,13,5,11,16,384,444,7,6,16,11,2,2,2.99,2.17,,
12499338,39%,61%,5,0,21,14,4,6,6,2,13,11,344,547,18,8,11,13,2,5,3.73,0.65,0,1
12499737,28%,72%,1,6,6,19,5,1,2,6,15,6,274,742,17,9,6,15,1,1,0.56,2.20,,
12499734,49%,51%,4,1,13,17,4,3,4,5,13,7,448,491,19,15,7,13,5,3,1.45,1.81,0,1
12499720,47%,53%,3,3,17,12,4,3,7,3,12,16,380,444,23,23,16,11,1,2,1.57,0.70,,
12451054,63%,37%,4,2,12,19,3,7,5,5,7,15,542,306,20,21,14,7,0,4,2.05,1.54,,
12451055,52%,48%,0,5,9,15,3,2,1,3,8,20,484,467,14,16,19,7,1,2,0.21,1.88,1,0
12451051,40%,60%,3,1,17,11,4,7,6,6,16,11,313,477,28,26,11,16,2,5,1.63,0.40,0,1
12451056,51%,49%,3,1,9,8,5,2,5,4,15,17,486,478,11,21,17,12,2,3,1.73,0.76,,
12451053,25%,75%,1,7,5,19,6,1,1,2,4,7,307,916,16,21,7,3,1,0,0.22,3.10,1,0
12514052,72%,28%,4,0,18,4,2,4,10,3,12,12,665,257,13,14,12,12,1,2,3.35,0.20,,
12514051,62%,38%,4,0,29,4,0,8,8,2,12,10,527,333,17,25,9,12,1,1,2.38,0.19,,
12514055,39%,61%,2,3,7,10,1,0,3,4,17,18,279,443,23,16,15,17,2,3,1.24,1.51,,
12514057,41%,59%,0,5,5,12,2,1,2,3,8,11,424,610,20,16,11,8,2,1,0.18,2.45,,
12448395,62%,38%,2,1,21,4,1,5,5,2,11,12,567,350,18,8,12,10,,,2.68,0.47,,
12448396,61%,39%,4,1,11,3,2,5,4,1,10,11,712,469,10,17,11,9,1,0,1.87,0.47,,
12448394,58%,42%,1,2,13,10,1,4,4,6,9,6,616,432,12,8,5,9,3,2,1.93,1.25,,
12117282,56%,44%,0,2,13,9,2,5,5,2,14,16,443,351,14,21,14,13,5,2,0.33,1.26,,
12117278,48%,52%,3,5,15,12,5,5,2,4,11,9,448,479,27,23,9,11,3,2,1.86,1.91,,
12530882,53%,47%,2,2,16,6,1,1,7,3,10,13,433,394,19,19,12,8,2,1,1.22,1.11,,
12530878,66%,34%,4,0,19,8,1,3,9,1,15,8,572,305,20,17,6,15,2,1,1.58,0.43,,
12530874,64%,36%,3,1,13,9,3,4,8,5,14,11,506,294,12,18,9,14,2,1,1.66,0.53,,
12530880,39%,61%,3,1,20,8,1,4,8,5,21,13,270,443,24,16,13,19,4,3,1.99,0.59,,
12421106,54%,46%,5,2,20,7,1,7,8,2,9,13,503,426,15,10,13,8,0,3,3.02,0.79,,
12421110,47%,53%,4,0,15,12,3,2,2,4,16,11,473,528,28,10,11,15,2,2,2.52,0.92,,
12421108,41%,59%,2,3,5,17,1,0,1,6,13,15,389,561,24,22,14,12,2,2,0.49,2.48,,
12421107,61%,39%,4,3,18,7,1,5,8,9,9,12,425,272,22,23,12,9,2,3,1.68,1.79,,
12568248,26%,74%,4,2,9,22,5,2,3,8,11,5,209,567,10,10,4,10,4,1,,,,
12568249,59%,41%,2,0,15,10,0,4,5,2,11,12,523,370,15,24,12,11,2,3,,,,
12568234,58%,42%,2,2,21,15,3,5,5,4,14,17,444,316,15,11,17,13,4,4,,,,
12568235,56%,44%,2,2,11,19,4,3,4,7,20,12,407,316,16,12,10,19,2,4,,,,
12477081,36%,64%,4,2,12,11,1,5,1,6,11,12,289,519,12,14,11,11,2,3,,,,
12477080,22%,78%,0,3,9,20,6,2,3,10,11,9,215,769,12,19,8,10,1,2,,,1,0
12477079,74%,26%,4,2,16,8,2,5,7,3,10,9,609,210,15,24,9,9,2,2,,,,
11937370,34%,66%,2,0,8,23,5,1,2,13,7,11,210,390,19,17,10,6,5,4,1.12,1.11,1,0
11937373,45%,55%,3,2,9,12,1,2,1,5,8,11,327,406,29,15,9,7,0,1,1.08,1.31,,
11937368,84%,16%,6,3,23,6,4,9,11,2,9,14,628,124,6,19,14,8,1,3,2.15,1.28,1,0
11937367,51%,49%,6,0,22,10,0,4,11,2,14,9,347,344,15,15,8,14,1,4,2.53,0.45,,
11937369,67%,33%,3,1,11,11,2,4,9,1,8,16,485,242,14,13,16,8,3,2,1.32,0.79,,
11937364,57%,43%,2,3,14,17,2,1,4,4,7,8,420,328,15,13,6,7,1,1,1.81,1.98,,
11937363,41%,59%,1,1,14,15,3,4,6,3,16,11,320,477,19,16,11,16,3,3,1.27,0.66,1,0
12420572,50%,50%,0,4,23,13,5,6,13,3,13,17,431,455,14,17,17,12,1,0,,,,
12420577,59%,41%,1,6,18,13,2,7,4,3,12,14,542,383,13,14,14,11,1,1,,,,
12420575,55%,45%,4,2,13,10,3,4,6,6,9,11,445,346,17,22,11,9,1,3,,,,
12404865,68%,32%,5,1,14,10,1,4,4,2,11,9,641,299,16,14,9,10,3,1,1.59,1.95,,
12404864,47%,53%,0,1,10,16,2,2,4,10,10,16,372,416,9,14,16,10,2,2,0.91,1.76,,
12420443,41%,59%,2,4,7,14,2,3,4,5,15,19,326,483,24,10,19,13,2,2,,,,
12420434,59%,41%,2,1,23,3,0,5,8,1,20,19,545,394,15,12,18,19,1,3,,,,
13010882,56%,44%,2,2,17,9,2,4,8,4,9,10,492,381,12,11,10,8,1,0,1.58,0.81,0,1
13022403,49%,51%,2,1,15,15,3,2,5,3,12,16,508,529,12,11,14,12,2,2,1.75,1.11,,
13010885,50%,50%,6,0,22,6,2,6,9,5,20,13,373,368,16,23,12,20,2,2,3.40,0.32,0,1
13010890,54%,46%,1,1,19,7,0,2,8,1,12,15,479,420,16,12,15,11,4,1,1.00,0.45,0,1
12468905,50%,50%,2,5,9,14,5,1,3,2,15,7,518,520,17,15,7,15,2,3,1.10,3.86,1,0
12467660,38%,62%,2,0,10,14,4,4,0,6,15,13,341,543,17,16,11,14,1,4,,,,
12467662,56%,44%,3,4,15,11,4,2,10,3,12,9,523,425,17,23,8,12,2,0,,,,
12467655,63%,37%,2,0,20,6,3,7,12,3,13,11,583,345,21,28,11,13,2,2,,,,
12617262,57%,43%,5,2,22,9,3,7,12,5,5,8,483,381,15,17,7,4,2,3,,,,
12467661,21%,79%,2,3,9,23,3,1,1,7,13,11,168,636,13,13,10,12,2,2,,,1,0
12467658,58%,42%,3,3,17,12,6,4,3,7,13,16,484,364,15,6,15,12,1,0,,,,
12467664,62%,38%,1,2,8,10,4,3,9,2,7,21,402,248,8,10,19,7,3,2,,,1,0
12500376,71%,29%,2,1,20,11,2,6,10,3,9,17,619,247,17,20,17,9,3,3,,,,
12500363,69%,31%,0,2,16,6,3,4,4,2,9,14,652,299,10,14,14,9,2,3,,,,
12500379,57%,43%,,,9,8,3,1,2,4,8,16,530,409,18,19,16,8,2,2,,,,
12527732,55%,45%,2,1,10,11,1,3,0,8,10,13,500,386,13,10,13,9,1,2,,,,
12527736,32%,68%,,,11,20,4,3,4,13,11,16,228,482,13,18,15,11,3,3,,,1,0
12527738,30%,70%,,,20,11,5,6,3,5,19,13,255,623,11,13,12,19,2,5,,,,
12146528,55%,45%,3,0,16,9,2,3,5,8,9,21,429,349,13,13,20,9,0,1,2.50,0.50,,
12146523,50%,50%,0,2,13,13,2,2,3,6,7,10,448,430,11,19,10,7,3,1,0.73,1.22,,
12146524,40%,60%,1,1,10,10,0,2,3,7,8,12,354,535,8,8,11,8,2,2,1.46,1.14,,
12445047,49%,51%,2,3,14,18,5,7,8,8,11,11,388,426,20,14,11,11,1,3,,,,
12596621,70%,30%,4,1,12,7,0,4,6,3,9,12,622,271,13,21,12,8,3,2,,,,
12596615,49%,51%,6,0,7,7,1,2,3,8,10,9,403,420,18,10,9,10,0,1,,,,
12596618,62%,38%,3,3,20,10,2,4,3,6,15,14,538,329,17,35,13,15,2,1,,,,
12596617,57%,43%,1,1,14,6,1,5,9,4,18,11,399,314,13,16,10,18,1,2,,,,
12481094,26%,74%,0,5,10,11,3,1,7,6,20,10,215,625,23,13,8,19,5,1,,,,
12481098,27%,73%,0,1,11,17,4,1,4,9,9,10,221,601,18,9,10,9,0,3,,,1,0
12481103,47%,53%,1,3,12,8,2,2,8,4,11,16,379,451,12,13,14,10,3,3,,,,
12463967,47%,53%,5,4,13,22,4,1,4,6,13,7,338,363,24,23,7,13,2,2,,,1,0
12463970,48%,52%,,,6,11,4,2,5,5,14,11,403,442,16,26,9,14,3,1,,,,
13012918,67%,33%,4,2,26,4,1,8,11,0,9,12,535,268,13,16,12,9,0,5,,,0,1
13011712,72%,28%,1,1,11,7,2,3,14,1,18,8,491,206,11,13,7,18,4,3,,,0,1
13011728,53%,47%,3,0,10,11,3,3,7,4,16,16,366,317,9,14,15,16,6,5,,,,
13011718,46%,54%,0,1,5,20,6,1,2,7,16,11,279,335,22,5,11,16,1,2,,,,
12580708,65%,35%,0,2,20,8,1,4,7,3,13,15,444,245,14,10,14,13,0,3,2.02,1.49,,
12580604,45%,55%,2,1,14,21,6,5,4,5,9,7,369,444,23,16,7,9,1,0,2.60,2.15,,
12580707,65%,35%,4,0,21,6,1,3,10,4,10,5,519,288,12,21,3,10,1,0,2.28,0.24,,
12580607,48%,52%,1,1,12,10,1,3,3,3,9,11,408,440,15,16,9,8,2,3,,,,
12402296,58%,42%,2,1,8,16,6,2,3,5,18,14,518,358,17,15,14,17,1,2,1.27,0.82,,
12402294,41%,59%,1,5,12,14,1,4,1,9,10,9,392,566,8,17,8,9,3,1,1.33,2.74,,
12402304,62%,38%,6,1,29,8,2,4,11,3,13,4,553,342,11,17,4,13,2,1,3.61,1.01,,
12407828,48%,52%,5,0,16,12,3,2,3,8,16,11,405,430,13,21,11,14,1,1,,,,
12407829,37%,63%,5,1,10,13,2,2,4,10,11,9,345,601,14,11,9,8,2,3,2.07,1.18,,
12407826,35%,65%,2,0,12,9,3,2,5,12,11,11,258,489,16,17,11,11,2,1,1.28,0.76,,
12407827,38%,62%,4,1,18,8,3,6,6,5,8,14,396,642,11,14,14,8,2,4,2.63,0.55,,
12656652,54%,46%,1,2,21,11,3,3,2,4,10,15,458,394,20,15,13,10,2,3,,,,
12991466,32%,68%,,,6,4,1,0,2,6,20,10,216,443,13,14,10,16,3,1,,,,
12991503,55%,45%,2,1,15,13,1,5,6,4,16,9,369,304,8,16,9,16,2,3,,,0,1
12014196,48%,52%,0,1,11,15,1,4,7,7,13,9,334,373,17,14,8,12,3,1,,,,
12014204,64%,36%,1,2,18,13,1,4,9,3,7,12,480,288,16,9,12,7,0,1,,,,
12014199,62%,38%,8,0,26,3,1,9,3,2,13,11,476,287,20,17,11,13,1,3,,,0,1
12014195,50%,50%,0,3,5,17,2,1,0,4,17,12,344,325,11,8,10,14,4,1,,,2,0
12744968,55%,45%,5,1,15,7,1,3,7,3,7,10,428,360,17,10,9,6,1,5,,,0,1
11928436,32%,68%,0,3,5,13,1,2,6,8,17,8,243,513,29,21,8,17,4,1,,,,
13016164,55%,45%,,,17,7,4,5,4,2,13,12,381,249,4,3,5,3,4,2,1.80,0.52,0,0
13016167,70%,30%,,,25,7,0,6,7,2,10,13,527,134,1,1,0,2,1,1,2.37,0.26,0,1
11912251,49%,51%,2,2,8,10,3,0,7,4,9,7,413,452,15,10,6,8,3,2,1.05,1.22,,
11912259,58%,42%,2,4,16,20,2,7,7,11,9,12,511,361,17,22,11,9,4,1,1.24,3.29,,
11912260,52%,48%,2,1,17,8,4,6,6,1,8,3,440,420,12,13,2,8,2,1,3.45,0.41,,
11912233,61%,39%,4,0,10,8,2,2,5,2,10,10,646,411,26,10,10,10,0,2,1.41,0.51,,
11912235,52%,48%,3,2,11,16,4,2,0,8,14,12,470,404,20,12,12,12,3,1,1.46,1.01,,
11912258,63%,37%,4,2,15,12,3,3,3,3,7,12,629,353,17,22,12,7,1,2,2.38,0.93,,
11912257,52%,48%,7,1,21,11,1,5,13,6,6,8,472,451,20,24,7,6,0,4,3.60,1.24,,
12831490,55%,45%,1,1,8,20,3,2,2,3,13,15,302,255,15,9,15,12,2,1,1.05,1.24,1,0
12831480,48%,52%,0,8,4,20,3,1,3,2,5,10,263,293,8,10,10,5,,,0.10,4.98,,
12831494,54%,46%,2,0,15,16,5,3,2,4,5,6,402,338,7,11,5,4,,,1.53,3.15,,
12831492,52%,48%,1,0,23,5,1,4,7,1,10,12,377,350,5,10,11,8,2,2,1.72,0.37,,
12831481,50%,50%,,,8,6,2,5,2,2,21,18,295,295,17,8,18,21,3,5,0.72,0.19,,
12831498,49%,51%,,,11,18,4,2,1,9,17,14,296,296,17,3,14,16,1,1,0.84,0.88,,
12831500,63%,37%,0,1,18,4,1,3,6,1,18,14,498,310,10,8,13,17,3,3,0.57,0.78,,
12489710,56%,44%,2,3,11,10,2,0,4,4,15,14,341,270,10,17,14,14,2,1,0.91,1.44,1,0
12489715,64%,36%,4,3,22,9,3,5,7,4,8,21,533,296,21,22,21,8,1,3,1.41,0.89,,
12489714,30%,70%,0,1,8,18,4,1,6,10,11,7,256,583,19,16,7,10,1,2,0.37,1.42,1,0
12489713,29%,71%,3,2,8,28,5,1,2,11,15,17,220,504,14,8,17,14,6,2,0.68,2.45,1,0
11907444,48%,52%,3,3,16,4,1,3,3,6,10,18,413,440,28,12,17,9,1,1,1.16,1.16,,
11907450,63%,37%,2,2,14,6,0,4,10,1,12,11,523,312,18,20,11,11,2,3,1.00,1.18,,
11907447,70%,30%,2,2,20,10,1,4,8,3,13,7,674,280,20,14,6,12,2,0,0.94,0.97,,
11907445,46%,54%,2,2,19,22,6,2,8,3,9,8,401,461,21,14,8,8,1,3,1.17,1.08,,
11907446,75%,25%,1,0,14,9,0,4,4,4,9,11,629,195,12,28,11,9,3,1,1.15,0.64,,
12439860,34%,66%,3,2,12,9,1,1,1,3,9,12,349,692,20,18,11,9,1,2,1.82,0.81,1,1
12439861,57%,43%,2,2,7,18,4,1,1,9,11,18,504,359,16,8,18,10,3,3,0.82,1.76,,
12439858,55%,45%,0,2,15,15,4,1,6,4,14,11,417,350,25,22,11,14,4,3,0.58,1.95,,
12662014,71%,29%,1,0,9,3,0,3,6,3,14,15,600,245,12,17,15,11,3,1,,,,
12662012,29%,71%,1,0,12,4,0,2,3,4,13,13,196,503,14,12,12,12,2,3,,,,
13022369,45%,55%,2,1,13,8,0,5,8,2,18,15,540,658,24,24,15,18,3,3,,,,
13008825,62%,38%,3,3,16,10,3,5,8,1,13,6,480,312,29,24,6,13,1,0,,,,
12453008,51%,49%,3,5,14,25,4,2,4,9,9,11,411,398,22,13,9,9,3,2,,,,
12453110,66%,34%,3,1,12,13,3,4,6,3,8,14,552,281,9,17,13,8,3,4,,,,
12453112,47%,53%,1,0,9,13,4,3,6,6,10,16,405,457,11,19,14,9,1,1,,,,
12065761,59%,41%,,,11,10,3,5,3,1,12,13,526,373,8,9,2,1,0,0,1.11,0.37,0,0
12065762,50%,50%,,,18,14,4,4,9,3,16,9,391,440,4,7,2,3,3,2,0.84,1.53,0,0
12065760,48%,52%,,,17,4,0,5,7,3,12,15,414,362,1,3,2,1,0,4,1.43,0.32,0,0
12776232,50%,50%,1,5,9,20,8,6,6,7,20,15,405,422,5,22,14,19,4,2,,,,
12773388,58%,42%,6,1,14,15,2,5,7,9,12,14,580,399,19,15,14,11,3,3,,,,
12773385,56%,44%,4,1,15,8,2,6,4,6,10,6,568,445,19,14,5,9,2,0,,,,
12497536,47%,53%,1,0,13,9,0,2,9,5,14,14,376,430,5,13,14,14,2,3,,,,
12765324,29%,71%,3,4,8,21,4,1,2,10,9,9,194,451,10,17,8,7,3,2,,,1,0
12765325,56%,44%,2,0,11,7,2,2,2,8,16,21,316,243,8,11,19,16,5,5,,,1,2
12448681,58%,42%,3,4,12,16,1,1,2,7,19,20,361,248,26,27,17,19,3,2,,,,
12448692,37%,63%,0,2,20,20,4,4,6,6,10,13,300,532,19,25,11,9,2,3,,,,
13011670,59%,41%,,,7,14,3,4,0,1,18,10,523,350,18,17,10,17,5,1,,,,
12448762,69%,31%,2,2,9,7,1,2,7,2,11,13,549,260,14,32,12,10,2,2,,,,
12448764,50%,50%,4,0,18,11,5,3,2,4,8,18,447,449,23,25,18,8,0,4,,,,
12448767,35%,65%,0,6,7,16,3,1,0,7,13,11,300,568,34,18,11,13,1,1,,,,
12449217,47%,53%,1,4,22,25,9,4,11,4,16,6,311,374,19,15,5,16,2,1,,,,
12449215,50%,50%,3,2,17,9,4,4,2,9,15,16,367,347,16,17,15,13,4,4,,,,
11973094,55%,45%,,,9,10,2,1,7,3,13,16,335,290,7,2,5,5,2,2,0.86,0.48,0,0
11973085,48%,52%,,,6,10,3,2,7,5,19,6,350,355,3,5,1,4,3,2,0.58,2.33,1,0
11973088,43%,57%,,,15,11,3,6,7,4,5,13,326,385,6,5,5,2,1,1,1.91,0.93,0,0
11973103,56%,44%,,,17,7,3,6,5,2,13,18,404,280,12,4,5,2,5,2,1.33,0.80,0,0
11973090,53%,47%,,,11,9,3,1,3,5,6,11,408,379,6,12,2,1,1,4,0.35,0.35,0,0
11973091,46%,54%,,,18,10,5,3,11,2,7,14,300,390,4,1,6,1,0,0,2.50,0.79,0,0
11973086,54%,46%,,,15,9,2,3,2,2,12,21,322,248,0,3,12,5,4,3,2.22,1.40,0,0
11973093,58%,42%,,,2,2,0,0,2,1,7,13,281,174,5,4,1,3,1,1,0.77,0.40,0,1
11973087,69%,31%,,,10,11,2,1,6,1,11,9,472,184,0,2,2,1,2,1,0.50,0.72,0,0
11973092,42%,58%,,,15,20,5,3,6,6,8,20,174,311,5,1,7,4,1,4,1.18,1.13,1,0
12586168,46%,54%,,,14,7,2,2,4,3,15,16,366,447,3,1,2,3,2,3,2.73,0.36,0,0
12586173,72%,28%,,,18,5,3,6,10,2,16,8,672,204,2,8,2,4,2,0,3.03,0.26,0,0
12162883,,,,,,,,,,,,,,,,,,,0,1,,,0,0
12753021,58%,42%,1,0,20,6,4,6,8,4,14,4,401,296,12,8,2,14,3,2,,,0,1
12753032,60%,40%,1,1,13,8,4,1,9,3,15,17,341,241,8,17,16,14,1,3,,,,
12753017,46%,54%,3,1,22,8,0,7,9,3,11,14,297,372,7,12,13,8,3,6,,,,
12753012,61%,39%,0,2,15,10,3,5,10,4,7,15,385,245,11,8,14,7,1,3,,,,
13019034,51%,49%,,,8,10,2,3,2,5,8,18,350,311,8,3,4,1,0,2,0.44,1.08,0,0
13019043,45%,55%,,,9,17,6,4,4,2,16,9,366,488,1,2,2,3,1,1,0.77,1.84,1,0
12425088,56%,44%,,,11,10,2,3,4,3,8,10,580,432,3,2,1,2,0,2,1.33,1.21,0,0
13029521,51%,49%,,,17,16,2,6,10,4,11,12,336,323,3,3,2,2,3,4,3.03,1.43,0,0
13041742,52%,48%,,,4,9,0,3,2,3,13,2,457,445,2,2,0,5,1,0,1.15,0.36,0,0
12447865,51%,49%,,,10,15,1,3,7,3,15,18,270,322,4,3,3,5,5,2,1.06,0.97,0,0
12447858,54%,46%,,,8,13,4,1,4,5,12,12,416,336,0,1,3,1,3,1,0.68,1.83,0,0
12497309,48%,52%,,,11,6,2,3,4,8,13,18,403,462,4,4,7,1,3,4,0.98,1.20,0,0
12497312,51%,49%,,,7,13,4,2,3,8,14,15,388,398,0,0,2,3,2,1,0.91,1.32,0,0
12497319,39%,61%,,,5,13,2,1,3,4,8,13,275,506,3,0,0,0,2,1,0.74,1.44,0,0
12497311,49%,51%,,,8,21,8,0,1,6,10,21,367,384,2,2,1,5,4,4,0.55,2.10,0,0
12497305,55%,45%,,,13,5,2,2,4,3,14,8,460,331,1,3,0,9,2,3,1.28,0.44,0,1
12451610,35%,65%,,,8,17,2,5,5,6,15,11,237,501,5,2,6,6,3,2,0.86,1.47,0,0
12442027,57%,43%,,,11,14,3,4,2,5,9,5,598,492,5,2,1,1,1,2,0.93,2.03,1,0
12463379,67%,33%,,,13,6,2,3,5,2,12,12,613,314,5,0,2,3,2,1,1.96,0.98,0,0
11990387,52%,48%,,,14,20,7,7,9,9,11,14,392,418,1,3,2,1,1,2,1.48,3.03,0,0
13008765,65%,35%,,,19,0,0,8,9,0,11,13,508,174,6,4,0,2,4,2,2.65,0.00,1,1
11989125,65%,35%,,,12,15,4,4,4,5,11,15,619,301,9,0,2,4,4,3,3.12,1.16,0,3
11989123,41%,59%,,,2,16,3,0,3,7,17,10,194,360,4,0,0,7,3,3,0.16,1.38,0,0
11989126,54%,46%,,,9,6,2,2,1,3,12,13,464,362,1,3,2,3,3,4,1.12,0.37,0,0
12525926,47%,53%,,,9,13,6,2,4,11,13,9,421,468,3,2,1,5,2,1,1.52,1.31,0,0
12525929,63%,37%,,,12,10,2,3,4,3,14,20,570,339,3,6,7,1,4,4,1.45,1.35,0,0
12525932,61%,39%,,,13,13,5,3,6,6,10,9,569,328,2,2,2,1,2,1,1.08,1.92,0,0
12643020,,,,,,,,,,,,,,,,,,,0,3,,,0,0
12940061,,,,,,,,,,,,,,,,,,,2,4,,,0,0
12643028,,,,,,,,,,,,,,,,,,,0,2,,,0,0
12643022,,,,,,,,,,,,,,,,,,,1,4,,,0,0
12643068,,,,,,,,,,,,,,,,,,,2,3,,,0,0
12643023,,,,,,,,,,,,,,,,,,,0,2,,,0,0
12643074,,,,,,,,,,,,,,,,,,,4,2,,,1,1
12643021,,,,,,,,,,,,,,,,,,,1,1,,,0,0
12930484,,,,,,,,,,,,,,,,,,,3,4,,,0,0
12523141,,,,,,,,,,,,,,,,,,,2,1,,,0,0
12868396,56%,44%,,,12,14,4,2,4,2,7,25,327,252,3,3,3,2,2,5,1.30,1.72,0,0
12650996,41%,59%,,,16,21,7,4,8,10,16,8,249,352,2,6,4,6,1,2,1.71,1.29,0,0
12651004,58%,42%,,,12,6,2,0,4,3,8,13,493,367,2,2,6,0,1,1,0.65,0.88,0,0
12755493,,,,,,,,,,,,,,,,,,,3,2,,,0,0
12545905,,,,,,,,,,,,,,,,,,,2,1,,,0,0
12545901,,,,,,,,,,,,,,,,,,,1,1,,,0,0
12545545,,,,,,,,,,,,,,,,,,,7,4,,,0,0
12545550,,,,,,,,,,,,,,,,,,,3,1,,,0,0
12545559,,,,,,,,,,,,,,,,,,,4,2,,,0,0
12545209,,,,,,,,,,,,,,,,,,,1,3,,,0,0
12545207,,,,,,,,,,,,,,,,,,,2,4,,,0,0
12545203,,,,,,,,,,,,,,,,,,,3,6,,,0,1
12545202,,,,,,,,,,,,,,,,,,,3,1,,,0,0
12545210,,,,,,,,,,,,,,,,,,,4,3,,,0,0
12545205,,,,,,,,,,,,,,,,,,,3,1,,,0,0
12545206,,,,,,,,,,,,,,,,,,,2,2,,,0,0
12598357,45%,55%,,,16,14,1,9,4,4,11,5,351,396,2,2,1,4,2,2,1.94,1.94,0,0
12598360,53%,47%,,,10,21,5,4,1,8,9,10,348,408,9,2,3,3,1,2,1.15,2.83,0,0
12598355,59%,41%,,,5,16,6,1,3,1,15,21,485,323,1,9,2,1,3,6,0.34,2.15,0,0
12177173,49%,51%,,,13,8,1,1,8,4,12,10,358,387,2,0,4,3,1,2,1.06,0.98,0,0
12177177,63%,37%,,,14,11,4,4,4,5,13,15,416,250,4,4,4,1,2,3,1.62,2.40,0,1
12085473,60%,40%,,,25,7,2,5,10,1,13,7,436,220,2,5,1,2,1,2,5.15,0.73,0,2
12085469,35%,65%,,,2,11,2,0,0,6,19,12,310,671,3,1,1,3,3,0,0.06,0.84,0,0
12444644,59%,41%,,,10,9,1,4,6,4,13,12,579,343,3,5,3,2,3,0,0.40,0.53,0,0
12444645,49%,51%,,,14,12,3,0,5,3,14,14,355,387,4,9,4,4,4,4,0.91,2.11,1,0
12444663,55%,45%,,,18,8,1,3,6,0,14,15,428,337,2,0,6,1,4,3,2.48,0.85,0,0
12963363,42%,58%,,,7,9,2,4,3,7,16,18,276,442,3,2,4,2,1,3,0.34,1.78,0,0
12963291,34%,66%,,,13,12,1,4,7,6,8,3,225,506,2,3,1,3,1,1,2.69,2.07,0,0
12653626,,,,,,,,,,,,,,,,,,,1,2,,,0,0
12590279,47%,53%,,,8,17,2,2,4,7,16,11,418,455,3,2,2,5,2,1,1.10,1.38,0,0
12590273,50%,50%,,,9,21,5,1,2,9,8,9,347,391,3,1,4,3,0,1,1.03,2.45,0,0
12531981,28%,72%,,,4,20,8,2,2,6,13,9,222,615,3,1,2,1,2,1,0.22,1.74,0,0
12531969,53%,47%,,,21,8,1,8,3,2,10,19,362,371,7,8,1,2,3,4,1.91,1.28,0,0
12969196,39%,61%,,,11,12,3,2,0,4,25,14,348,442,3,4,1,3,3,3,1.36,1.69,0,0
12472158,30%,70%,,,6,9,2,2,5,4,15,14,235,554,4,4,4,3,2,3,0.28,0.30,0,0
12448838,50%,50%,,,10,13,2,3,8,5,14,9,305,318,2,2,3,4,5,3,1.58,2.18,0,1
12448841,55%,45%,,,14,10,3,2,4,2,15,18,382,316,4,0,5,1,8,5,1.19,1.62,0,1
12448840,66%,34%,,,18,9,1,2,12,1,14,15,529,289,5,3,5,4,1,2,1.47,2.15,1,1
12932081,,,,,,,,,,,,,,,,,,,1,2,,,0,0
12518422,60%,40%,1,2,15,14,6,3,5,3,15,14,376,263,12,12,13,15,2,1,,,,
12518425,49%,51%,4,0,9,13,6,2,4,3,16,10,356,372,28,21,10,16,3,0,,,,
12518416,43%,57%,1,1,15,4,0,3,2,2,13,20,270,357,15,10,19,11,2,2,,,,
12592422,,,,,,,,,,,,,,,,,,,1,4,,,0,1
12592335,,,,,,,,,,,,,,,,,,,2,1,,,0,0
12592331,,,,,,,,,,,,,,,,,,,3,1,,,0,0
12493978,,,,,,,,,,,,,,,,,,,2,3,,,0,0
12493975,,,,,,,,,,,,,,,,,,,3,2,,,0,0
12493974,,,,,,,,,,,,,,,,,,,1,1,,,0,0
13019039,41%,59%,0,5,10,14,5,4,5,4,13,8,339,503,17,12,8,13,2,1,,,,
12923109,67%,33%,3,0,16,4,1,3,2,3,13,6,656,319,11,13,5,13,,,,,,
12923104,51%,49%,5,5,9,17,3,2,4,6,14,9,508,467,20,14,8,11,2,1,,,,
12246983,47%,53%,,,7,25,7,6,2,10,13,9,322,447,8,1,2,2,4,1,0.76,5.43,0,0
12246985,52%,48%,,,13,6,1,3,2,5,11,13,398,387,3,1,4,1,3,6,2.72,0.39,0,0
12484257,56%,44%,,,7,14,1,2,5,4,7,13,449,399,2,1,1,1,2,1,1.00,2.18,0,0
12484258,39%,61%,,,15,11,3,1,4,1,10,7,323,524,2,2,2,2,1,2,1.36,1.46,0,0
12484255,68%,32%,,,12,2,1,5,4,2,9,11,591,261,5,3,1,2,3,2,1.67,0.12,0,0
12196916,56%,44%,,,9,12,2,2,5,4,19,6,404,380,7,1,0,5,2,2,1.00,1.38,0,0
12196973,58%,42%,,,14,7,0,2,7,7,12,12,489,364,2,4,4,4,2,1,1.35,0.89,0,1
12199061,50%,50%,,,10,14,4,2,9,4,18,8,393,360,0,5,1,7,3,3,1.54,2.03,0,0
12442133,51%,49%,,,14,11,0,4,6,3,13,9,381,387,4,3,4,2,2,1,1.13,0.40,0,0
12442134,52%,48%,,,17,15,1,7,7,4,20,16,362,345,4,5,4,5,2,3,2.63,0.77,0,0
12484433,36%,64%,,,14,11,1,6,3,2,12,13,252,441,1,0,2,3,4,1,1.63,0.57,0,1
12484437,56%,44%,,,13,14,5,1,6,6,9,9,405,338,0,3,0,0,1,2,0.99,1.73,0,1
13014309,40%,60%,3,2,15,13,3,3,7,5,12,12,301,459,16,11,12,11,1,1,,,,
13014303,55%,45%,,,14,10,0,1,5,6,16,12,334,264,11,15,12,15,4,2,,,,
12694137,57%,43%,,,6,11,1,1,3,0,23,15,452,348,4,0,2,5,0,3,0.47,0.82,0,0
12694134,51%,49%,,,16,11,2,6,4,0,13,12,412,407,3,4,6,2,3,5,1.31,1.77,0,1
12698547,45%,55%,,,12,8,4,3,3,8,15,11,318,362,5,2,2,6,3,1,1.35,0.59,0,0
12454752,25%,75%,,,5,17,7,1,5,10,10,6,165,703,2,3,3,3,2,2,0.34,2.80,0,0
12454757,64%,36%,,,18,14,5,4,8,6,5,11,460,236,3,2,4,3,1,3,1.94,0.89,1,0
12650088,65%,35%,2,0,17,4,2,2,6,1,9,13,566,312,7,10,13,9,2,1,,,,
13023005,40%,60%,3,1,11,15,4,4,3,3,11,11,283,439,13,20,10,11,3,4,,,,
13006575,74%,26%,5,1,20,6,3,5,6,5,6,9,588,212,22,21,6,6,3,2,,,,
13029226,,,,,,,,,,,,,,,,,,,2,0,,,0,0
12437611,33%,67%,1,0,4,20,1,1,1,14,9,12,272,537,20,18,12,8,5,1,0.61,0.59,1,0
12499348,42%,58%,2,1,14,11,2,3,7,2,17,18,365,513,16,12,18,15,2,2,0.81,0.70,,
12499354,58%,42%,2,0,14,7,1,5,3,4,14,21,442,335,15,19,21,13,1,3,1.68,0.30,0,2
12499355,61%,39%,1,1,13,9,2,5,5,1,14,6,560,359,25,19,6,14,0,1,0.69,1.13,,
12900855,43%,57%,4,1,16,9,2,6,7,2,17,15,353,462,22,19,14,14,0,3,,,,
12970179,18%,82%,1,4,9,28,4,2,1,2,8,10,160,704,18,12,9,8,2,0,,,,
12970160,50%,50%,0,2,7,8,1,0,3,6,16,18,373,374,21,17,18,15,1,3,,,,
12970153,24%,76%,1,5,2,19,6,1,0,9,9,10,207,644,27,19,9,8,,,,,,
12970192,34%,66%,2,4,7,19,2,1,5,3,17,9,243,474,29,19,9,17,2,2,,,,
12970193,46%,54%,0,2,7,19,4,4,3,9,6,13,315,356,9,4,12,6,1,2,,,1,0
12970166,37%,63%,3,2,4,16,2,0,2,7,13,15,258,448,24,14,15,13,2,1,,,,
12970187,44%,56%,1,3,11,17,4,2,2,4,6,8,438,560,12,16,7,6,2,1,,,,
12375376,67%,33%,2,0,35,5,3,6,20,1,9,15,507,274,13,16,14,9,0,2,1.85,0.24,,
12514057,41%,59%,0,5,5,12,2,1,2,3,8,11,424,610,20,16,11,8,2,1,0.18,2.45,,
12117282,56%,44%,0,2,13,9,2,5,5,2,14,16,443,351,14,21,14,13,5,2,0.33,1.26,,
12117278,48%,52%,3,5,15,12,5,5,2,4,11,9,448,479,27,23,9,11,3,2,1.86,1.91,,
12530874,64%,36%,3,1,13,9,3,4,8,5,14,11,506,294,12,18,9,14,2,1,1.66,0.53,,
12530880,39%,61%,3,1,20,8,1,4,8,5,21,13,270,443,24,16,13,19,4,3,1.99,0.59,,
12904468,78%,22%,2,2,12,6,0,2,5,1,5,11,807,230,11,9,11,4,2,1,,,,
12904463,70%,30%,3,0,12,9,4,4,5,2,9,9,595,252,9,17,9,9,0,1,,,,
12773665,66%,34%,4,1,10,13,4,4,3,12,11,8,794,390,16,16,8,11,1,1,,,,
12773646,53%,47%,1,1,12,8,1,0,2,6,6,15,489,405,24,19,15,6,0,4,,,,
12773642,28%,72%,1,1,12,13,1,6,4,5,10,8,254,651,12,13,8,8,1,0,,,,
12791854,47%,53%,3,1,9,17,2,3,3,7,5,7,557,630,13,15,7,5,0,1,,,,
12773671,41%,59%,2,0,12,14,3,3,3,4,15,12,373,519,25,14,12,14,3,4,,,,
12791853,32%,68%,1,1,9,19,5,3,3,3,14,16,239,516,15,19,16,14,4,3,,,1,0
12773663,69%,31%,6,2,17,7,0,5,4,4,11,13,674,297,16,18,13,11,2,4,,,,
12773652,42%,58%,1,2,16,18,4,2,4,6,20,17,448,641,18,22,17,19,2,4,,,,
12924425,50%,50%,4,3,23,16,2,6,5,9,16,21,490,500,18,35,20,12,4,5,,,,
12924407,57%,43%,1,4,22,15,3,6,5,4,8,18,452,346,5,2,16,8,3,2,,,,
12924421,61%,39%,2,1,27,6,1,6,5,5,14,7,497,325,17,23,7,14,,,,,,
12924416,36%,64%,1,4,4,17,2,1,0,5,13,12,251,449,25,17,12,13,4,1,,,,
12924418,53%,47%,2,3,21,15,1,1,4,6,14,16,446,393,23,15,14,13,1,0,,,,
12924429,37%,63%,1,5,13,14,5,4,7,4,13,12,323,565,16,14,11,13,2,1,,,,
12924410,32%,68%,1,5,6,22,3,3,3,4,9,10,282,619,12,16,9,9,,,,,,
12924422,58%,42%,7,1,20,12,2,4,5,1,15,9,394,306,18,19,8,15,2,1,,,,
12924424,25%,75%,2,3,12,27,8,2,3,12,8,9,194,597,22,20,9,8,2,2,,,,
12924420,42%,58%,0,3,14,15,8,2,4,6,22,9,304,435,18,15,9,22,4,1,,,,
11937364,57%,43%,2,3,14,17,2,1,4,4,7,8,420,328,15,13,6,7,1,1,1.81,1.98,,
11937363,41%,59%,1,1,14,15,3,4,6,3,16,11,320,477,19,16,11,16,3,3,1.27,0.66,1,0
13010885,50%,50%,6,0,22,6,2,6,9,5,20,13,373,368,16,23,12,20,2,2,3.40,0.32,0,1
13010890,54%,46%,1,1,19,7,0,2,8,1,12,15,479,420,16,12,15,11,4,1,1.00,0.45,0,1
13010881,78%,22%,4,0,15,11,2,8,5,3,8,10,789,224,12,13,10,8,1,2,1.07,0.85,,
13010887,59%,41%,5,3,11,11,6,6,3,6,9,13,515,366,10,14,13,8,0,2,1.43,1.25,,
12467664,62%,38%,1,2,8,10,4,3,9,2,7,21,402,248,8,10,19,7,3,2,,,1,0
12527741,60%,40%,1,2,11,9,5,5,3,3,12,21,506,335,17,7,20,11,3,3,,,,
12527866,54%,46%,0,1,11,11,1,2,1,3,23,21,366,306,22,17,21,22,5,4,,,0,1
12527868,52%,48%,4,1,15,11,1,4,3,3,9,15,423,387,15,19,15,9,0,1,,,0,1
12527870,37%,63%,1,3,18,13,1,6,8,5,9,14,293,505,23,17,13,9,2,4,,,,
12527872,52%,48%,1,1,12,6,1,2,3,1,18,18,380,361,24,16,17,18,4,6,,,,
12527873,41%,59%,1,0,10,5,0,2,3,3,10,21,354,516,15,8,20,9,3,3,,,1,0
12451237,32%,68%,2,2,13,12,4,3,6,2,9,14,295,636,17,13,14,6,1,2,,,,
12451239,60%,40%,2,0,17,12,2,3,4,7,12,18,415,274,19,15,18,11,2,2,,,,
12451236,43%,57%,0,7,10,16,3,1,7,4,16,12,333,447,10,11,12,14,2,3,,,1,0
12451241,49%,51%,2,3,6,16,6,2,2,3,7,11,433,435,16,12,11,6,0,2,,,,
12451240,55%,45%,1,0,10,6,4,3,2,2,21,16,461,390,29,12,16,20,1,1,,,,
12451242,46%,54%,5,1,11,7,2,1,4,1,9,18,358,443,20,16,18,9,0,3,,,0,1
12451244,36%,64%,0,1,4,16,1,1,0,13,15,8,345,592,11,13,8,12,2,1,,,,
12451245,45%,55%,0,2,14,9,2,3,3,4,14,9,420,507,25,7,8,14,1,2,,,,
12615585,38%,62%,5,0,18,9,2,7,2,5,8,13,378,622,17,19,12,8,1,3,,,,
12146528,55%,45%,3,0,16,9,2,3,5,8,9,21,429,349,13,13,20,9,0,1,2.50,0.50,,
12146523,50%,50%,0,2,13,13,2,2,3,6,7,10,448,430,11,19,10,7,3,1,0.73,1.22,,
12146524,40%,60%,1,1,10,10,0,2,3,7,8,12,354,535,8,8,11,8,2,2,1.46,1.14,,
12146527,66%,34%,0,1,19,10,2,4,6,3,16,18,460,241,12,11,18,15,4,4,,,,
12146520,39%,61%,3,0,23,14,2,7,3,3,22,10,276,451,17,14,10,21,1,1,3.00,1.41,,
12988222,72%,28%,2,0,15,8,1,7,10,1,12,12,540,213,8,9,12,12,4,5,1.73,1.30,1,0
12146521,68%,32%,0,1,9,7,2,5,6,7,10,21,572,267,11,11,20,10,2,6,0.60,0.90,,
12596617,57%,43%,1,1,14,6,1,5,9,4,18,11,399,314,13,16,10,18,1,2,,,,
12463967,47%,53%,5,4,13,22,4,1,4,6,13,7,338,363,24,23,7,13,2,2,,,1,0
12463970,48%,52%,,,6,11,4,2,5,5,14,11,403,442,16,26,9,14,3,1,,,,
13012918,67%,33%,4,2,26,4,1,8,11,0,9,12,535,268,13,16,12,9,0,5,,,0,1
13036742,48%,52%,1,0,7,11,1,1,1,4,14,20,258,282,10,16,19,14,2,4,,,,
13031655,56%,44%,5,1,12,14,2,1,1,5,14,8,343,271,8,5,7,14,2,3,,,,
13011717,59%,41%,1,0,16,14,2,3,5,2,5,12,474,331,9,12,12,4,2,3,,,,
12407827,38%,62%,4,1,18,8,3,6,6,5,8,14,396,642,11,14,14,8,2,4,2.63,0.55,,
12656652,54%,46%,1,2,21,11,3,3,2,4,10,15,458,394,20,15,13,10,2,3,,,,
12902951,53%,47%,2,1,12,9,2,2,9,0,12,6,395,368,11,21,6,12,3,6,,,0,1
13036931,52%,48%,1,4,15,12,2,4,10,4,13,11,355,350,12,21,11,13,3,4,,,,
12769312,57%,43%,4,1,16,2,0,5,4,2,9,14,476,352,27,20,14,9,1,1,,,,
12902952,44%,56%,4,2,18,11,1,2,2,2,8,15,337,421,23,21,15,8,3,6,,,,
12991503,55%,45%,2,1,15,13,1,5,6,4,16,9,369,304,8,16,9,16,2,3,,,0,1
12014195,50%,50%,0,3,5,17,2,1,0,4,17,12,344,325,11,8,10,14,4,1,,,2,0
13016164,55%,45%,,,17,7,4,5,4,2,13,12,381,249,4,3,5,3,4,2,1.80,0.52,0,0
13016167,70%,30%,,,25,7,0,6,7,2,10,13,527,134,1,1,0,2,1,1,2.37,0.26,0,1
12004432,58%,42%,1,1,13,10,3,2,6,4,8,6,619,456,9,12,6,6,,,1.04,0.87,,
11912257,52%,48%,7,1,21,11,1,5,13,6,6,8,472,451,20,24,7,6,0,4,3.60,1.24,,
12831481,50%,50%,,,8,6,2,5,2,2,21,18,295,295,17,8,18,21,3,5,0.72,0.19,,
12831498,49%,51%,,,11,18,4,2,1,9,17,14,296,296,17,3,14,16,1,1,0.84,0.88,,
12831500,63%,37%,0,1,18,4,1,3,6,1,18,14,498,310,10,8,13,17,3,3,0.57,0.78,,
12489714,30%,70%,0,1,8,18,4,1,6,10,11,7,256,583,19,16,7,10,1,2,0.37,1.42,1,0
12489713,29%,71%,3,2,8,28,5,1,2,11,15,17,220,504,14,8,17,14,6,2,0.68,2.45,1,0
11907445,46%,54%,2,2,19,22,6,2,8,3,9,8,401,461,21,14,8,8,1,3,1.17,1.08,,
11907446,75%,25%,1,0,14,9,0,4,4,4,9,11,629,195,12,28,11,9,3,1,1.15,0.64,,
12440987,42%,58%,1,1,9,23,7,1,1,19,13,14,367,489,19,19,13,13,0,3,0.92,1.85,,
12662005,44%,56%,4,1,13,14,2,1,3,7,14,13,365,439,10,9,13,13,1,4,,,1,0
12662007,62%,38%,3,0,13,6,2,5,7,4,11,12,527,329,14,20,12,11,0,1,,,0,1
12662008,57%,43%,,,5,10,2,1,3,5,12,16,433,327,21,16,15,11,4,3,,,1,0
12453112,47%,53%,1,0,9,13,4,3,6,6,10,16,405,457,11,19,14,9,1,1,,,,
12504046,47%,53%,1,3,14,16,2,2,5,9,10,11,327,378,19,16,11,10,3,1,,,,
12503884,44%,56%,1,4,11,23,5,2,4,13,9,12,356,463,22,23,11,9,1,2,,,,
13037267,47%,53%,2,1,10,8,2,4,4,4,14,17,437,493,14,7,17,14,1,2,,,,
12503862,54%,46%,2,6,8,11,6,3,0,6,16,7,547,465,20,12,7,16,1,2,,,,
12503971,63%,37%,4,1,35,6,3,6,4,5,16,3,638,367,18,22,2,16,1,0,,,,
12503855,54%,46%,1,2,10,9,2,2,6,6,10,10,393,340,15,18,10,9,1,2,,,,
12680611,40%,60%,3,3,17,15,7,5,7,6,13,5,310,485,30,26,5,12,5,1,,,,
12503937,46%,54%,1,3,7,14,2,0,3,5,14,18,329,391,15,10,17,14,2,2,,,,
12503820,43%,57%,4,1,12,8,3,2,5,2,16,12,353,490,29,17,12,15,3,1,,,,
12868906,,,,,,,,,,,,,,,,,,,2,1,,,0,0
12868899,,,,,,,,,,,,,,,,,,,3,4,,,0,0
12065761,59%,41%,,,11,10,3,5,3,1,12,13,526,373,8,9,2,1,0,0,1.11,0.37,0,0
12065762,50%,50%,,,18,14,4,4,9,3,16,9,391,440,4,7,2,3,3,2,0.84,1.53,0,0
12065760,48%,52%,,,17,4,0,5,7,3,12,15,414,362,1,3,2,1,0,4,1.43,0.32,0,0
12065773,50%,50%,,,6,14,5,1,2,3,5,17,461,476,10,2,5,1,1,0,1.52,1.24,0,0
12065763,50%,50%,,,11,8,3,3,7,3,12,11,503,453,6,4,1,1,2,0,1.14,1.74,0,0
12065767,54%,46%,,,19,13,3,6,5,8,15,6,395,332,6,3,3,3,0,1,2.03,1.04,0,0
12735448,53%,47%,1,0,21,3,1,3,7,5,21,19,412,373,20,19,19,20,3,3,,,,
12610363,55%,45%,2,0,7,12,1,0,2,3,18,10,426,333,14,16,10,17,3,1,,,,
12940698,77%,23%,0,2,14,11,3,1,11,0,6,13,601,182,13,14,13,5,1,3,,,,
12903507,40%,60%,,,7,17,4,3,4,7,16,8,374,526,3,1,2,6,2,1,0.67,3.25,0,0
12868606,36%,64%,,,5,12,3,1,1,12,12,17,271,438,3,1,3,5,3,0,0.51,0.60,1,0
12382874,,,,,,,,,,,,,,,,,,,3,2,,,0,0
12753012,61%,39%,0,2,15,10,3,5,10,4,7,15,385,245,11,8,14,7,1,3,,,,
12753024,43%,57%,0,1,14,15,6,6,7,6,12,19,229,313,16,12,15,11,2,2,,,,
12753036,39%,61%,0,2,17,16,6,9,4,5,15,8,266,415,19,12,8,13,2,0,,,,
13019043,45%,55%,,,9,17,6,4,4,2,16,9,366,488,1,2,2,3,1,1,0.77,1.84,1,0
12425088,56%,44%,,,11,10,2,3,4,3,8,10,580,432,3,2,1,2,0,2,1.33,1.21,0,0
13008779,66%,34%,,,16,10,2,1,7,2,14,14,628,331,7,24,13,14,3,6,,,1,1
13019046,54%,46%,,,11,15,5,2,8,7,13,15,360,304,15,15,15,11,4,2,,,,
13029521,51%,49%,,,17,16,2,6,10,4,11,12,336,323,3,3,2,2,3,4,3.03,1.43,0,0
13041742,52%,48%,,,4,9,0,3,2,3,13,2,457,445,2,2,0,5,1,0,1.15,0.36,0,0
12497319,39%,61%,,,5,13,2,1,3,4,8,13,275,506,3,0,0,0,2,1,0.74,1.44,0,0
12497311,49%,51%,,,8,21,8,0,1,6,10,21,367,384,2,2,1,5,4,4,0.55,2.10,0,0
12497305,55%,45%,,,13,5,2,2,4,3,14,8,460,331,1,3,0,9,2,3,1.28,0.44,0,1
12934744,,,,,,,,,,,,,,,,,,,1,3,,,0,0
12934745,,,,,,,,,,,,,,,,,,,1,0,,,0,0
12587009,,,,,,,,,,,,,,,,,,,0,0,,,0,0
12588494,,,,,,,,,,,,,,,,,,,3,2,,,0,0
12588498,,,,,,,,,,,,,,,,,,,1,2,,,0,0
12588501,,,,,,,,,,,,,,,,,,,1,3,,,0,0
12588499,,,,,,,,,,,,,,,,,,,1,2,,,0,0
12588502,,,,,,,,,,,,,,,,,,,0,0,,,0,0
12588497,,,,,,,,,,,,,,,,,,,1,2,,,0,0
12588500,,,,,,,,,,,,,,,,,,,1,0,,,0,0
12586998,,,,,,,,,,,,,,,,,,,0,3,,,0,0
12588493,,,,,,,,,,,,,,,,,,,1,1,,,0,0
12586996,,,,,,,,,,,,,,,,,,,0,1,,,0,0
12588496,,,,,,,,,,,,,,,,,,,0,4,,,0,0
12586997,,,,,,,,,,,,,,,,,,,1,0,,,0,0
12588495,,,,,,,,,,,,,,,,,,,1,3,,,0,1
11989123,41%,59%,,,2,16,3,0,3,7,17,10,194,360,4,0,0,7,3,3,0.16,1.38,0,0
11989126,54%,46%,,,9,6,2,2,1,3,12,13,464,362,1,3,2,3,3,4,1.12,0.37,0,0
12930484,,,,,,,,,,,,,,,,,,,3,4,,,0,0
12930481,,,,,,,,,,,,,,,,,,,4,2,,,0,0
12930474,,,,,,,,,,,,,,,,,,,1,1,,,0,1
12651004,58%,42%,,,12,6,2,0,4,3,8,13,493,367,2,2,6,0,1,1,0.65,0.88,0,0
12545898,,,,,,,,,,,,,,,,,,,5,1,,,0,0
12545894,,,,,,,,,,,,,,,,,,,3,2,,,0,0
12545892,,,,,,,,,,,,,,,,,,,3,1,,,0,1
12545889,,,,,,,,,,,,,,,,,,,2,2,,,0,0
12545896,,,,,,,,,,,,,,,,,,,3,4,,,0,0
12545891,,,,,,,,,,,,,,,,,,,1,3,,,0,0
12545537,,,,,,,,,,,,,,,,,,,1,2,,,0,0
12545539,,,,,,,,,,,,,,,,,,,2,2,,,1,0
12545543,,,,,,,,,,,,,,,,,,,1,2,,,0,0
12545541,,,,,,,,,,,,,,,,,,,3,0,,,2,0
12545542,,,,,,,,,,,,,,,,,,,0,1,,,0,0
12598355,59%,41%,,,5,16,6,1,3,1,15,21,485,323,1,9,2,1,3,6,0.34,2.15,0,0
12085469,35%,65%,,,2,11,2,0,0,6,19,12,310,671,3,1,1,3,3,0,0.06,0.84,0,0
12963291,34%,66%,,,13,12,1,4,7,6,8,3,225,506,2,3,1,3,1,1,2.69,2.07,0,0
13023452,43%,57%,,,11,11,4,1,2,3,18,14,399,468,6,4,0,3,3,1,1.86,0.95,0,0
12448840,66%,34%,,,18,9,1,2,12,1,14,15,529,289,5,3,5,4,1,2,1.47,2.15,1,1
12932081,,,,,,,,,,,,,,,,,,,1,2,,,0,0
12932076,,,,,,,,,,,,,,,,,,,3,5,,,0,1
12932066,,,,,,,,,,,,,,,,,,,1,4,,,0,0
12932068,,,,,,,,,,,,,,,,,,,2,4,,,0,0
12932085,,,,,,,,,,,,,,,,,,,5,7,,,0,0
12932075,,,,,,,,,,,,,,,,,,,1,1,,,0,0
12932072,,,,,,,,,,,,,,,,,,,3,2,,,0,0
12518416,43%,57%,1,1,15,4,0,3,2,2,13,20,270,357,15,10,19,11,2,2,,,,
12522419,69%,31%,2,1,22,14,4,3,9,2,5,12,572,263,17,33,12,4,0,1,,,,
13019039,41%,59%,0,5,10,14,5,4,5,4,13,8,339,503,17,12,8,13,2,1,,,,
12923109,67%,33%,3,0,16,4,1,3,2,3,13,6,656,319,11,13,5,13,,,,,,
12923104,51%,49%,5,5,9,17,3,2,4,6,14,9,508,467,20,14,8,11,2,1,,,,
12923103,47%,53%,3,2,15,11,4,4,7,3,8,14,387,461,24,31,13,8,3,4,,,1,0
12923107,38%,62%,0,3,16,15,5,3,2,3,9,11,303,510,11,15,9,9,2,0,,,,
12923108,73%,27%,3,1,10,10,4,2,8,5,7,13,665,252,20,15,11,6,1,2,,,,
12923105,64%,36%,2,1,15,9,3,5,7,1,12,13,553,318,15,15,12,12,0,3,,,,
12473120,36%,64%,,,14,8,4,5,6,5,15,17,181,360,2,2,1,3,2,3,1.63,0.79,0,0
12473122,64%,36%,,,11,8,3,3,8,3,11,11,511,281,5,3,2,3,5,3,1.02,1.12,1,0
12473125,38%,62%,,,11,6,3,3,3,3,13,10,357,556,5,4,2,1,1,1,0.96,0.74,0,0
12246985,52%,48%,,,13,6,1,3,2,5,11,13,398,387,3,1,4,1,3,6,2.72,0.39,0,0
12199061,50%,50%,,,10,14,4,2,9,4,18,8,393,360,0,5,1,7,3,3,1.54,2.03,0,0
12767356,46%,54%,,,13,8,1,4,5,3,9,6,347,355,2,5,3,1,1,3,1.60,0.31,0,0
12767360,35%,65%,,,3,10,5,1,3,3,15,21,240,480,14,4,6,1,3,3,0.15,1.19,0,0
12767375,42%,58%,,,14,16,4,4,4,7,11,5,356,454,6,4,0,2,2,1,1.32,1.81,0,0
12767362,48%,52%,,,15,17,3,4,6,6,12,6,327,374,5,6,2,4,3,0,1.11,1.46,0,0
12767354,51%,49%,,,19,25,5,6,1,8,10,12,598,617,10,3,3,2,1,2,1.49,3.04,0,0
13014313,56%,44%,1,0,15,5,1,3,4,1,8,12,530,419,19,12,11,7,2,2,,,,
13014305,40%,60%,1,0,17,8,3,5,8,3,19,16,278,422,9,11,14,19,1,3,,,,
13023005,40%,60%,3,1,11,15,4,4,3,3,11,11,283,439,13,20,10,11,3,4,,,,
13006575,74%,26%,5,1,20,6,3,5,6,5,6,9,588,212,22,21,6,6,3,2,,,,
13005422,43%,57%,1,2,3,9,,,1,2,13,8,473,634,23,18,7,13,1,0,,,,
13005420,35%,65%,0,3,8,27,5,1,3,9,9,12,312,590,24,17,12,8,1,2,,,,
13006576,70%,30%,1,2,13,9,2,2,7,2,10,12,619,261,11,22,11,10,0,2,,,,
13005427,36%,64%,1,1,8,11,1,1,4,9,3,11,300,532,21,23,10,3,0,1,,,,
13045718,55%,45%,2,1,19,11,2,8,8,4,16,9,255,224,21,12,8,15,5,2,,,0,1
13009004,74%,26%,3,0,35,1,1,7,8,1,6,5,555,204,9,11,5,4,,,,,,
12499348,42%,58%,2,1,14,11,2,3,7,2,17,18,365,513,16,12,18,15,2,2,0.81,0.70,,
12499354,58%,42%,2,0,14,7,1,5,3,4,14,21,442,335,15,19,21,13,1,3,1.68,0.30,0,2
12499355,61%,39%,1,1,13,9,2,5,5,1,14,6,560,359,25,19,6,14,0,1,0.69,1.13,,
12499350,22%,78%,0,4,6,15,3,1,1,4,12,13,213,758,10,14,12,11,1,1,0.26,1.10,1,0
12499357,57%,43%,2,1,18,15,3,4,2,6,9,13,466,342,17,17,12,9,3,4,2.39,0.86,0,1
12499347,54%,46%,3,0,16,4,3,3,5,1,14,11,524,464,17,20,11,14,2,3,1.23,0.10,,
12499353,61%,39%,5,3,24,13,3,2,10,6,7,5,596,380,17,11,5,7,2,0,2.43,1.17,,
12900855,43%,57%,4,1,16,9,2,6,7,2,17,15,353,462,22,19,14,14,0,3,,,,
12970179,18%,82%,1,4,9,28,4,2,1,2,8,10,160,704,18,12,9,8,2,0,,,,
12970160,50%,50%,0,2,7,8,1,0,3,6,16,18,373,374,21,17,18,15,1,3,,,,
12970153,24%,76%,1,5,2,19,6,1,0,9,9,10,207,644,27,19,9,8,,,,,,
12970192,34%,66%,2,4,7,19,2,1,5,3,17,9,243,474,29,19,9,17,2,2,,,,
12970193,46%,54%,0,2,7,19,4,4,3,9,6,13,315,356,9,4,12,6,1,2,,,1,0
12970166,37%,63%,3,2,4,16,2,0,2,7,13,15,258,448,24,14,15,13,2,1,,,,
12970187,44%,56%,1,3,11,17,4,2,2,4,6,8,438,560,12,16,7,6,2,1,,,,
12970142,60%,40%,2,0,23,6,2,8,5,1,10,6,329,216,7,10,5,8,0,1,,,0,1
12970163,42%,58%,1,3,11,16,5,1,7,6,14,10,367,526,17,10,10,14,4,1,,,,
12970188,29%,71%,0,3,6,11,2,2,3,7,19,13,248,621,15,17,13,18,1,1,,,,
12970174,45%,55%,3,1,9,13,7,4,5,3,13,8,247,318,14,15,8,13,3,1,,,,
12970139,58%,42%,1,2,11,11,5,6,6,3,10,14,334,254,14,12,13,10,3,0,,,,
12970147,46%,54%,2,0,5,13,3,0,3,2,9,9,211,247,11,6,9,9,4,3,,,,
12970161,35%,65%,0,5,8,19,1,0,1,11,9,12,308,573,14,9,12,8,1,2,,,,
12970156,34%,66%,0,6,3,18,3,1,3,2,6,10,352,679,19,14,9,6,1,1,,,,
12375376,67%,33%,2,0,35,5,3,6,20,1,9,15,507,274,13,16,14,9,0,2,1.85,0.24,,
12375375,55%,45%,1,2,22,8,2,2,8,1,12,12,341,314,4,11,12,12,1,6,1.61,1.67,1,1
12378099,42%,58%,1,4,16,14,2,4,9,4,9,5,370,535,17,22,5,9,2,1,,,,
12774386,59%,41%,3,3,15,8,2,2,3,4,15,13,545,377,16,16,13,15,4,2,1.52,0.81,,
12946553,47%,53%,3,3,18,12,2,3,5,5,14,10,395,463,18,26,8,12,1,4,1.55,1.72,,
12477076,80%,20%,7,0,24,3,1,3,7,2,12,7,783,199,13,16,7,12,1,4,,,,
12477077,58%,42%,3,2,17,9,1,3,11,3,11,12,429,311,10,14,12,10,3,4,,,,
12477074,69%,31%,1,1,18,15,2,4,10,1,14,9,579,259,15,16,9,14,1,3,,,,
12477073,47%,53%,0,1,13,12,2,2,4,2,10,13,329,376,18,14,12,8,1,1,,,,
12477071,31%,69%,4,1,17,5,1,2,9,2,14,9,238,567,22,20,8,14,2,1,,,,
12477075,37%,63%,4,4,20,17,3,4,4,6,6,20,239,420,18,26,19,6,5,4,,,,
12904468,78%,22%,2,2,12,6,0,2,5,1,5,11,807,230,11,9,11,4,2,1,,,,
12904463,70%,30%,3,0,12,9,4,4,5,2,9,9,595,252,9,17,9,9,0,1,,,,
12904464,45%,55%,2,3,19,11,4,5,6,2,8,11,399,513,17,13,11,8,0,2,,,,
12904462,62%,38%,1,0,17,12,0,8,5,6,6,15,512,304,11,35,15,6,2,4,,,,
12904466,56%,44%,4,1,23,16,5,4,5,3,8,5,560,431,16,19,4,8,0,1,,,,
12928319,35%,65%,2,2,8,17,4,1,1,9,12,14,352,671,10,14,14,12,4,2,,,,
12904467,26%,74%,2,3,7,18,6,2,1,6,11,4,244,718,16,14,4,11,4,0,,,,
12904469,32%,68%,4,4,11,15,1,5,4,4,17,6,299,637,18,11,6,16,3,0,,,,
12773665,66%,34%,4,1,10,13,4,4,3,12,11,8,794,390,16,16,8,11,1,1,,,,
12773646,53%,47%,1,1,12,8,1,0,2,6,6,15,489,405,24,19,15,6,0,4,,,,
12773642,28%,72%,1,1,12,13,1,6,4,5,10,8,254,651,12,13,8,8,1,0,,,,
12791854,47%,53%,3,1,9,17,2,3,3,7,5,7,557,630,13,15,7,5,0,1,,,,
12773671,41%,59%,2,0,12,14,3,3,3,4,15,12,373,519,25,14,12,14,3,4,,,,
12791853,32%,68%,1,1,9,19,5,3,3,3,14,16,239,516,15,19,16,14,4,3,,,1,0
12773663,69%,31%,6,2,17,7,0,5,4,4,11,13,674,297,16,18,13,11,2,4,,,,
12773652,42%,58%,1,2,16,18,4,2,4,6,20,17,448,641,18,22,17,19,2,4,,,,
12773674,40%,60%,4,1,14,19,2,4,2,6,7,15,378,550,7,12,14,6,2,4,,,1,0
12773668,45%,55%,2,1,11,10,0,3,3,3,18,13,396,474,12,22,11,18,5,1,,,,
12773662,48%,52%,3,1,13,10,3,4,6,5,7,10,457,498,8,7,10,7,0,1,,,,
12773670,48%,52%,2,3,18,11,2,6,7,6,16,9,463,503,11,12,9,15,1,3,,,,
12773643,20%,80%,1,7,6,15,6,4,1,2,17,10,225,906,24,16,10,16,3,1,,,,
12773661,29%,71%,2,1,11,21,5,1,2,7,8,14,262,633,15,3,14,8,3,1,,,,
12773672,45%,55%,3,4,24,20,4,6,20,5,11,17,503,658,25,24,16,11,2,2,,,,
12773664,50%,50%,3,0,23,15,4,8,10,6,15,9,436,437,20,7,9,15,2,2,,,,
12924425,50%,50%,4,3,23,16,2,6,5,9,16,21,490,500,18,35,20,12,4,5,,,,
12924407,57%,43%,1,4,22,15,3,6,5,4,8,18,452,346,5,2,16,8,3,2,,,,
12924421,61%,39%,2,1,27,6,1,6,5,5,14,7,497,325,17,23,7,14,,,,,,
12924416,36%,64%,1,4,4,17,2,1,0,5,13,12,251,449,25,17,12,13,4,1,,,,
12924418,53%,47%,2,3,21,15,1,1,4,6,14,16,446,393,23,15,14,13,1,0,,,,
12924429,37%,63%,1,5,13,14,5,4,7,4,13,12,323,565,16,14,11,13,2,1,,,,
12924410,32%,68%,1,5,6,22,3,3,3,4,9,10,282,619,12,16,9,9,,,,,,
12924422,58%,42%,7,1,20,12,2,4,5,1,15,9,394,306,18,19,8,15,2,1,,,,
12924424,25%,75%,2,3,12,27,8,2,3,12,8,9,194,597,22,20,9,8,2,2,,,,
12924420,42%,58%,0,3,14,15,8,2,4,6,22,9,304,435,18,15,9,22,4,1,,,,
12924411,35%,65%,1,4,13,20,5,3,4,8,13,10,306,553,22,16,10,13,5,2,,,,
12924408,50%,50%,2,3,22,16,10,4,6,8,10,11,584,573,14,27,11,9,,,,,,
12924419,22%,78%,0,1,4,36,7,0,0,14,2,7,188,607,20,8,7,2,,,,,,
12924428,51%,49%,2,2,14,12,3,3,10,4,11,10,418,392,16,15,10,11,1,4,,,,
12924430,47%,53%,4,0,13,16,4,2,7,7,14,11,417,466,19,16,8,13,3,1,,,1,1
12924409,41%,59%,4,1,18,21,6,6,2,9,8,11,382,532,14,13,11,7,1,2,,,,
12924431,47%,53%,3,2,13,17,7,2,4,4,13,15,407,447,18,9,12,12,2,2,,,,
12924412,27%,73%,1,6,6,24,7,1,5,5,21,10,290,808,50,24,9,19,6,6,,,,
12924414,56%,44%,,,18,10,0,4,8,2,13,9,448,352,19,9,9,10,4,1,,,1,0
13010881,78%,22%,4,0,15,11,2,8,5,3,8,10,789,224,12,13,10,8,1,2,1.07,0.85,,
13010887,59%,41%,5,3,11,11,6,6,3,6,9,13,515,366,10,14,13,8,0,2,1.43,1.25,,
12527741,60%,40%,1,2,11,9,5,5,3,3,12,21,506,335,17,7,20,11,3,3,,,,
12527866,54%,46%,0,1,11,11,1,2,1,3,23,21,366,306,22,17,21,22,5,4,,,0,1
12527868,52%,48%,4,1,15,11,1,4,3,3,9,15,423,387,15,19,15,9,0,1,,,0,1
12527870,37%,63%,1,3,18,13,1,6,8,5,9,14,293,505,23,17,13,9,2,4,,,,
12527872,52%,48%,1,1,12,6,1,2,3,1,18,18,380,361,24,16,17,18,4,6,,,,
12527873,41%,59%,1,0,10,5,0,2,3,3,10,21,354,516,15,8,20,9,3,3,,,1,0
12527874,58%,42%,,,12,6,2,4,4,5,16,13,500,356,13,10,13,16,2,2,,,,
12527867,44%,56%,,,7,6,1,1,3,5,12,11,391,508,15,13,11,10,3,1,,,,
12527869,67%,33%,0,3,6,13,4,1,4,4,12,29,583,280,6,15,28,10,1,3,,,,
12527871,55%,45%,,,20,7,3,1,7,3,11,11,442,374,12,7,11,11,4,2,,,0,1
12451237,32%,68%,2,2,13,12,4,3,6,2,9,14,295,636,17,13,14,6,1,2,,,,
12451239,60%,40%,2,0,17,12,2,3,4,7,12,18,415,274,19,15,18,11,2,2,,,,
12451236,43%,57%,0,7,10,16,3,1,7,4,16,12,333,447,10,11,12,14,2,3,,,1,0
12451241,49%,51%,2,3,6,16,6,2,2,3,7,11,433,435,16,12,11,6,0,2,,,,
12451240,55%,45%,1,0,10,6,4,3,2,2,21,16,461,390,29,12,16,20,1,1,,,,
12451242,46%,54%,5,1,11,7,2,1,4,1,9,18,358,443,20,16,18,9,0,3,,,0,1
12451244,36%,64%,0,1,4,16,1,1,0,13,15,8,345,592,11,13,8,12,2,1,,,,
12451245,45%,55%,0,2,14,9,2,3,3,4,14,9,420,507,25,7,8,14,1,2,,,,
12615585,38%,62%,5,0,18,9,2,7,2,5,8,13,378,622,17,19,12,8,1,3,,,,
12146527,66%,34%,0,1,19,10,2,4,6,3,16,18,460,241,12,11,18,15,4,4,,,,
12146520,39%,61%,3,0,23,14,2,7,3,3,22,10,276,451,17,14,10,21,1,1,3.00,1.41,,
12988222,72%,28%,2,0,15,8,1,7,10,1,12,12,540,213,8,9,12,12,4,5,1.73,1.30,1,0
12146521,68%,32%,0,1,9,7,2,5,6,7,10,21,572,267,11,11,20,10,2,6,0.60,0.90,,
13036742,48%,52%,1,0,7,11,1,1,1,4,14,20,258,282,10,16,19,14,2,4,,,,
13031655,56%,44%,5,1,12,14,2,1,1,5,14,8,343,271,8,5,7,14,2,3,,,,
13011717,59%,41%,1,0,16,14,2,3,5,2,5,12,474,331,9,12,12,4,2,3,,,,
12902951,53%,47%,2,1,12,9,2,2,9,0,12,6,395,368,11,21,6,12,3,6,,,0,1
13036931,52%,48%,1,4,15,12,2,4,10,4,13,11,355,350,12,21,11,13,3,4,,,,
12769312,57%,43%,4,1,16,2,0,5,4,2,9,14,476,352,27,20,14,9,1,1,,,,
12902952,44%,56%,4,2,18,11,1,2,2,2,8,15,337,421,23,21,15,8,3,6,,,,
13015430,46%,54%,1,1,7,14,2,0,5,4,12,12,330,396,13,13,11,10,3,1,,,,
13015432,24%,76%,0,1,5,14,1,1,6,8,9,12,180,613,11,12,9,8,0,1,,,1,0
12744969,48%,52%,1,3,12,12,1,1,3,8,4,15,335,358,16,10,15,4,1,5,,,,
12004432,58%,42%,1,1,13,10,3,2,6,4,8,6,619,456,9,12,6,6,,,1.04,0.87,,
12440987,42%,58%,1,1,9,23,7,1,1,19,13,14,367,489,19,19,13,13,0,3,0.92,1.85,,
12439866,36%,64%,0,2,7,30,7,3,2,13,11,5,309,545,26,13,5,11,5,1,0.62,4.24,1,0
12440995,69%,31%,1,4,18,10,4,4,4,2,9,6,584,261,10,9,5,9,1,1,,,,
12440988,51%,49%,1,2,27,16,4,7,9,7,19,12,377,376,18,18,12,19,2,5,2.07,2.22,,
12662005,44%,56%,4,1,13,14,2,1,3,7,14,13,365,439,10,9,13,13,1,4,,,1,0
12662007,62%,38%,3,0,13,6,2,5,7,4,11,12,527,329,14,20,12,11,0,1,,,0,1
12662008,57%,43%,,,5,10,2,1,3,5,12,16,433,327,21,16,15,11,4,3,,,1,0
12662009,55%,45%,,,16,9,2,2,5,1,12,9,468,371,9,18,9,11,3,1,,,,
12662004,24%,76%,1,3,4,26,7,0,8,9,10,10,182,600,18,16,10,10,2,4,,,,
12662002,56%,44%,2,0,9,3,2,0,1,2,17,9,459,356,13,15,9,17,3,3,,,0,1
12661999,61%,39%,1,5,7,14,4,2,5,2,18,10,468,306,11,16,9,15,2,1,,,,
12504046,47%,53%,1,3,14,16,2,2,5,9,10,11,327,378,19,16,11,10,3,1,,,,
12503884,44%,56%,1,4,11,23,5,2,4,13,9,12,356,463,22,23,11,9,1,2,,,,
13037267,47%,53%,2,1,10,8,2,4,4,4,14,17,437,493,14,7,17,14,1,2,,,,
12503862,54%,46%,2,6,8,11,6,3,0,6,16,7,547,465,20,12,7,16,1,2,,,,
12503971,63%,37%,4,1,35,6,3,6,4,5,16,3,638,367,18,22,2,16,1,0,,,,
12503855,54%,46%,1,2,10,9,2,2,6,6,10,10,393,340,15,18,10,9,1,2,,,,
12680611,40%,60%,3,3,17,15,7,5,7,6,13,5,310,485,30,26,5,12,5,1,,,,
12503937,46%,54%,1,3,7,14,2,0,3,5,14,18,329,391,15,10,17,14,2,2,,,,
12503820,43%,57%,4,1,12,8,3,2,5,2,16,12,353,490,29,17,12,15,3,1,,,,
12868906,,,,,,,,,,,,,,,,,,,2,1,,,0,0
12868899,,,,,,,,,,,,,,,,,,,3,4,,,0,0
12065773,50%,50%,,,6,14,5,1,2,3,5,17,461,476,10,2,5,1,1,0,1.52,1.24,0,0
12065763,50%,50%,,,11,8,3,3,7,3,12,11,503,453,6,4,1,1,2,0,1.14,1.74,0,0
12065767,54%,46%,,,19,13,3,6,5,8,15,6,395,332,6,3,3,3,0,1,2.03,1.04,0,0
12961015,49%,51%,2,3,8,10,1,1,4,0,13,12,373,407,20,16,12,11,3,1,,,,
12735448,53%,47%,1,0,21,3,1,3,7,5,21,19,412,373,20,19,19,20,3,3,,,,
12610363,55%,45%,2,0,7,12,1,0,2,3,18,10,426,333,14,16,10,17,3,1,,,,
12661036,35%,65%,1,3,17,15,7,4,4,2,12,18,279,570,13,16,17,12,3,3,,,,
12661039,58%,42%,6,2,26,20,1,6,6,8,14,14,441,312,13,19,13,14,2,3,,,,
12940698,77%,23%,0,2,14,11,3,1,11,0,6,13,601,182,13,14,13,5,1,3,,,,
12903507,40%,60%,,,7,17,4,3,4,7,16,8,374,526,3,1,2,6,2,1,0.67,3.25,0,0
12903499,32%,68%,,,17,8,0,5,6,4,11,7,260,632,9,0,2,1,2,3,2.27,1.31,0,0
12903503,27%,73%,,,5,20,4,3,1,7,11,6,248,666,5,4,2,3,2,5,0.40,2.34,0,0
12903501,32%,68%,,,2,19,6,0,1,9,11,9,285,594,2,0,2,7,4,2,0.55,2.29,0,0
12903502,45%,55%,,,8,20,7,1,6,9,18,11,383,466,9,5,2,5,6,3,0.63,1.94,0,0
12903506,64%,36%,,,18,10,2,2,6,1,10,14,506,306,1,1,4,3,2,2,1.58,0.75,0,0
12903505,53%,47%,,,24,14,5,5,7,11,9,16,602,501,5,1,4,0,5,3,2.91,2.11,0,0
12868606,36%,64%,,,5,12,3,1,1,12,12,17,271,438,3,1,3,5,3,0,0.51,0.60,1,0
12382874,,,,,,,,,,,,,,,,,,,3,2,,,0,0
12856761,73%,27%,9,0,25,7,2,4,15,2,9,13,720,271,12,18,13,8,0,3,,,,
12753024,43%,57%,0,1,14,15,6,6,7,6,12,19,229,313,16,12,15,11,2,2,,,,
12753036,39%,61%,0,2,17,16,6,9,4,5,15,8,266,415,19,12,8,13,2,0,,,,
12753027,54%,46%,3,0,13,15,4,4,8,6,8,7,411,360,4,11,7,7,3,1,,,,
12753031,48%,52%,1,2,18,19,3,2,3,6,8,19,307,321,14,10,18,8,1,4,,,,
12753030,43%,57%,5,1,9,10,1,1,2,7,19,12,260,322,19,11,11,18,7,5,,,1,1
13008779,66%,34%,,,16,10,2,1,7,2,14,14,628,331,7,24,13,14,3,6,,,1,1
13019046,54%,46%,,,11,15,5,2,8,7,13,15,360,304,15,15,15,11,4,2,,,,
13029524,54%,46%,,,15,14,5,8,3,1,12,7,458,379,10,5,1,4,2,1,0.95,2.08,0,0
13029522,60%,40%,,,21,7,1,6,7,1,11,12,435,241,1,9,2,3,3,5,2.04,0.44,0,0
12934744,,,,,,,,,,,,,,,,,,,1,3,,,0,0
12934745,,,,,,,,,,,,,,,,,,,1,0,,,0,0
12934746,,,,,,,,,,,,,,,,,,,0,1,,,0,0
12934747,,,,,,,,,,,,,,,,,,,1,2,,,0,0
12587009,,,,,,,,,,,,,,,,,,,0,0,,,0,0
12588494,,,,,,,,,,,,,,,,,,,3,2,,,0,0
12588498,,,,,,,,,,,,,,,,,,,1,2,,,0,0
12588501,,,,,,,,,,,,,,,,,,,1,3,,,0,0
12588499,,,,,,,,,,,,,,,,,,,1,2,,,0,0
12588502,,,,,,,,,,,,,,,,,,,0,0,,,0,0
12588497,,,,,,,,,,,,,,,,,,,1,2,,,0,0
12588500,,,,,,,,,,,,,,,,,,,1,0,,,0,0
12586998,,,,,,,,,,,,,,,,,,,0,3,,,0,0
12588493,,,,,,,,,,,,,,,,,,,1,1,,,0,0
12586996,,,,,,,,,,,,,,,,,,,0,1,,,0,0
12588496,,,,,,,,,,,,,,,,,,,0,4,,,0,0
12586997,,,,,,,,,,,,,,,,,,,1,0,,,0,0
12588495,,,,,,,,,,,,,,,,,,,1,3,,,0,1
13036833,49%,51%,,,7,8,1,2,6,1,12,20,360,393,2,1,3,3,3,1,1.45,1.56,0,0
13013808,,,,,,,,,,,,,,,,,,,2,2,,,0,0
12930484,,,,,,,,,,,,,,,,,,,3,4,,,0,0
12930481,,,,,,,,,,,,,,,,,,,4,2,,,0,0
12930474,,,,,,,,,,,,,,,,,,,1,1,,,0,1
12930500,,,,,,,,,,,,,,,,,,,3,1,,,0,0
12930494,,,,,,,,,,,,,,,,,,,4,1,,,0,0
12930490,,,,,,,,,,,,,,,,,,,3,0,,,0,0
12970228,,,,,,,,,,,,,,,,,,,1,1,,,0,0
12755454,,,,,,,,,,,,,,,,,,,2,2,,,0,0
12545898,,,,,,,,,,,,,,,,,,,5,1,,,0,0
12545894,,,,,,,,,,,,,,,,,,,3,2,,,0,0
12545892,,,,,,,,,,,,,,,,,,,3,1,,,0,1
12545889,,,,,,,,,,,,,,,,,,,2,2,,,0,0
12545896,,,,,,,,,,,,,,,,,,,3,4,,,0,0
12545891,,,,,,,,,,,,,,,,,,,1,3,,,0,0
12545893,,,,,,,,,,,,,,,,,,,1,1,,,0,0
12545887,,,,,,,,,,,,,,,,,,,1,3,,,0,0
12545888,,,,,,,,,,,,,,,,,,,1,2,,,0,0
12545890,,,,,,,,,,,,,,,,,,,3,2,,,0,0
12545537,,,,,,,,,,,,,,,,,,,1,2,,,0,0
12545539,,,,,,,,,,,,,,,,,,,2,2,,,1,0
12545543,,,,,,,,,,,,,,,,,,,1,2,,,0,0
12545541,,,,,,,,,,,,,,,,,,,3,0,,,2,0
12545542,,,,,,,,,,,,,,,,,,,0,1,,,0,0
12545547,,,,,,,,,,,,,,,,,,,1,2,,,1,0
12545538,,,,,,,,,,,,,,,,,,,2,2,,,0,0
12545544,,,,,,,,,,,,,,,,,,,3,4,,,0,0
12545540,,,,,,,,,,,,,,,,,,,3,4,,,0,0
12545536,,,,,,,,,,,,,,,,,,,1,2,,,0,0
12545199,,,,,,,,,,,,,,,,,,,4,3,,,0,0
12545192,,,,,,,,,,,,,,,,,,,2,1,,,0,0
12981459,61%,39%,,,11,12,3,3,4,2,10,16,512,284,1,7,2,2,1,3,2.80,1.42,0,0
13023452,43%,57%,,,11,11,4,1,2,3,18,14,399,468,6,4,0,3,3,1,1.86,0.95,0,0
12765385,52%,48%,,,9,7,1,4,5,6,13,13,392,369,2,0,3,4,2,3,0.62,0.96,0,0
12932076,,,,,,,,,,,,,,,,,,,3,5,,,0,1
12932066,,,,,,,,,,,,,,,,,,,1,4,,,0,0
12932068,,,,,,,,,,,,,,,,,,,2,4,,,0,0
12932085,,,,,,,,,,,,,,,,,,,5,7,,,0,0
12932075,,,,,,,,,,,,,,,,,,,1,1,,,0,0
12932072,,,,,,,,,,,,,,,,,,,3,2,,,0,0
12932071,,,,,,,,,,,,,,,,,,,2,2,,,0,0
12932090,,,,,,,,,,,,,,,,,,,0,4,,,0,1
12932078,,,,,,,,,,,,,,,,,,,0,2,,,0,0
12952270,,,,,,,,,,,,,,,,,,,2,8,,,0,1
12932087,,,,,,,,,,,,,,,,,,,3,1,,,0,0
12932079,,,,,,,,,,,,,,,,,,,5,3,,,0,1
12522419,69%,31%,2,1,22,14,4,3,9,2,5,12,572,263,17,33,12,4,0,1,,,,
12522418,75%,25%,2,0,18,7,1,5,7,1,12,17,664,230,17,13,16,11,0,3,,,,
12923103,47%,53%,3,2,15,11,4,4,7,3,8,14,387,461,24,31,13,8,3,4,,,1,0
12923107,38%,62%,0,3,16,15,5,3,2,3,9,11,303,510,11,15,9,9,2,0,,,,
12923108,73%,27%,3,1,10,10,4,2,8,5,7,13,665,252,20,15,11,6,1,2,,,,
12923105,64%,36%,2,1,15,9,3,5,7,1,12,13,553,318,15,15,12,12,0,3,,,,
12923106,34%,66%,3,2,8,13,2,2,1,9,5,9,277,525,27,17,7,4,2,0,,,,
12473120,36%,64%,,,14,8,4,5,6,5,15,17,181,360,2,2,1,3,2,3,1.63,0.79,0,0
12473122,64%,36%,,,11,8,3,3,8,3,11,11,511,281,5,3,2,3,5,3,1.02,1.12,1,0
12473125,38%,62%,,,11,6,3,3,3,3,13,10,357,556,5,4,2,1,1,1,0.96,0.74,0,0
12767356,46%,54%,,,13,8,1,4,5,3,9,6,347,355,2,5,3,1,1,3,1.60,0.31,0,0
12767360,35%,65%,,,3,10,5,1,3,3,15,21,240,480,14,4,6,1,3,3,0.15,1.19,0,0
12767375,42%,58%,,,14,16,4,4,4,7,11,5,356,454,6,4,0,2,2,1,1.32,1.81,0,0
12767362,48%,52%,,,15,17,3,4,6,6,12,6,327,374,5,6,2,4,3,0,1.11,1.46,0,0
12767354,51%,49%,,,19,25,5,6,1,8,10,12,598,617,10,3,3,2,1,2,1.49,3.04,0,0
12767369,65%,35%,,,4,8,2,1,5,3,12,6,654,318,1,5,2,1,1,1,0.57,0.40,0,1
12767377,31%,69%,,,8,21,4,2,2,9,18,21,331,811,9,4,5,2,4,3,2.13,2.19,0,0
13014313,56%,44%,1,0,15,5,1,3,4,1,8,12,530,419,19,12,11,7,2,2,,,,
13014305,40%,60%,1,0,17,8,3,5,8,3,19,16,278,422,9,11,14,19,1,3,,,,
13014306,61%,39%,,,18,6,3,2,5,2,20,11,369,244,12,11,11,20,5,2,,,0,1
13014308,56%,44%,0,1,9,10,2,2,9,3,10,10,375,308,14,12,10,9,3,4,,,,
13005422,43%,57%,1,2,3,9,,,1,2,13,8,473,634,23,18,7,13,1,0,,,,
13005420,35%,65%,0,3,8,27,5,1,3,9,9,12,312,590,24,17,12,8,1,2,,,,
13006576,70%,30%,1,2,13,9,2,2,7,2,10,12,619,261,11,22,11,10,0,2,,,,
13005427,36%,64%,1,1,8,11,1,1,4,9,3,11,300,532,21,23,10,3,0,1,,,,
13045718,55%,45%,2,1,19,11,2,8,8,4,16,9,255,224,21,12,8,15,5,2,,,0,1
13009004,74%,26%,3,0,35,1,1,7,8,1,6,5,555,204,9,11,5,4,,,,,,
13006577,69%,31%,1,0,18,4,1,4,9,1,9,12,586,274,18,17,12,8,,,,,,
13041267,,,,,,,,,,,,,,,,,,,1,0,,,0,0
