match_id,home_accurate_passes,away_accurate_passes,home_final_third_entries,away_final_third_entries,home_long_balls,away_long_balls,home_crosses,away_crosses,home_throw-ins,away_throw-ins,home_final_third_phase,away_final_third_phase
12437045,388,362,65,64,26/62 (42%),26/56 (46%),5/20 (25%),6/11 (55%),12,21,115/146 (79%),76/122 (62%)
12437046,159,419,65,52,24/65 (37%),24/45 (53%),6/29 (21%),5/28 (18%),13,18,81/137 (59%),98/135 (73%)
12437050,318,451,42,67,24/41 (59%),25/48 (52%),6/23 (26%),6/24 (25%),14,24,79/118 (67%),120/159 (75%)
12437040,306,387,41,52,21/46 (46%),20/61 (33%),3/13 (23%),3/24 (13%),15,20,98/132 (74%),117/144 (81%)
12437618,276,493,66,56,27/70 (39%),15/33 (45%),2/21 (10%),2/8 (25%),13,27,57/101 (56%),128/161 (80%)
12437607,300,124,80,55,22/58 (38%),23/74 (31%),11/36 (31%),0/6 (0%),32,21,86/133 (65%),25/70 (36%)
12437613,300,415,46,52,33/68 (49%),37/62 (60%),6/17 (35%),5/24 (21%),20,26,83/125 (66%),63/111 (57%)
12437625,514,128,70,43,26/45 (58%),27/63 (43%),9/40 (23%),2/8 (25%),19,15,141/183 (77%),35/68 (51%)
12437611,192,457,45,75,36/74 (49%),25/45 (56%),5/8 (63%),9/32 (28%),10,19,37/66 (56%),159/202 (79%)
12499340,487,277,41,44,26/44 (59%),27/46 (59%),9/24 (38%),3/14 (21%),15,19,109/142 (77%),42/80 (53%)
12499341,273,335,42,53,28/55 (51%),23/48 (48%),9/23 (39%),5/15 (33%),16,24,66/102 (65%),68/100 (68%)
12499339,328,391,42,44,18/37 (49%),47/62 (76%),5/21 (24%),2/12 (17%),8,12,63/91 (69%),79/102 (77%)
12499338,303,503,35,51,22/36 (61%),24/33 (73%),6/14 (43%),2/17 (12%),5,10,71/93 (76%),111/139 (80%)
12499737,188,669,38,57,24/65 (37%),21/36 (58%),1/10 (10%),4/16 (25%),13,16,28/61 (46%),140/173 (81%)
12499734,332,379,70,45,24/70 (34%),26/92 (28%),5/21 (24%),4/10 (40%),17,28,70/126 (56%),47/80 (59%)
12499720,289,355,49,66,27/56 (48%),24/54 (44%),2/18 (11%),3/15 (20%),25,21,58/86 (67%),113/166 (68%)
12451054,460,235,78,44,18/43 (42%),32/64 (50%),5/22 (23%),9/22 (41%),21,22,115/170 (68%),56/87 (64%)
12451055,413,405,50,38,26/57 (46%),23/43 (53%),2/20 (10%),2/10 (20%),13,15,84/112 (75%),66/96 (69%)
12451051,246,395,40,63,18/43 (42%),30/50 (60%),3/18 (17%),4/16 (25%),16,15,86/120 (72%),99/140 (71%)
12451056,410,400,30,58,18/46 (39%),25/51 (49%),3/13 (23%),9/15 (60%),22,22,49/72 (68%),59/101 (58%)
12451053,241,862,21,111,21/46 (46%),31/39 (79%),2/5 (40%),4/9 (44%),15,8,28/44 (64%),303/340 (89%)
12514052,571,182,74,26,26/49 (53%),25/62 (40%),7/31 (23%),0/10 (0%),21,24,184/236 (78%),17/35 (49%)
12514051,459,260,55,29,20/34 (59%),24/49 (49%),10/24 (42%),1/6 (17%),25,22,151/195 (77%),32/54 (59%)
12514055,189,366,50,58,25/63 (40%),21/46 (46%),5/11 (45%),9/22 (41%),27,27,29/73 (40%),84/120 (70%)
12514057,359,537,48,65,24/46 (52%),24/41 (59%),2/12 (17%),12/23 (52%),20,16,52/79 (66%),137/171 (80%)
12448395,494,281,64,48,17/33 (52%),19/55 (35%),7/24 (29%),1/13 (8%),17,19,138/184 (75%),46/79 (58%)
12448396,646,404,57,37,20/42 (48%),27/52 (52%),2/18 (11%),1/6 (17%),15,18,94/129 (73%),32/55 (58%)
12448394,535,348,87,55,31/60 (52%),32/65 (49%),6/16 (38%),5/17 (29%),17,14,170/202 (84%),61/108 (56%)
12117282,380,291,40,50,33/55 (60%),20/43 (47%),2/20 (10%),2/7 (29%),25,14,88/113 (78%),66/97 (68%)
12117278,372,405,48,60,38/69 (55%),19/34 (56%),4/11 (36%),2/18 (11%),19,27,62/91 (68%),86/110 (78%)
12530882,352,311,48,44,29/62 (47%),23/49 (47%),7/13 (54%),2/11 (18%),26,25,59/98 (60%),56/95 (59%)
12530878,494,226,75,41,28/53 (53%),19/55 (35%),9/28 (32%),1/6 (17%),20,21,116/157 (74%),49/79 (62%)
12530874,435,229,53,42,30/54 (56%),19/45 (42%),11/33 (33%),3/9 (33%),21,22,75/118 (64%),46/69 (67%)
12530880,199,353,48,62,21/50 (42%),20/53 (38%),9/26 (35%),2/14 (14%),20,29,65/102 (64%),71/111 (64%)
12421106,445,362,53,49,29/51 (57%),19/44 (43%),5/23 (22%),4/13 (31%),19,11,108/136 (79%),60/98 (61%)
12421110,396,465,47,52,50/81 (62%),33/50 (66%),2/7 (29%),4/13 (31%),14,19,75/99 (76%),103/126 (82%)
12421108,318,474,45,50,30/47 (64%),29/59 (49%),5/23 (22%),8/27 (30%),17,25,53/81 (65%),113/142 (80%)
12421107,306,164,63,62,43/74 (58%),14/63 (22%),7/25 (28%),1/19 (5%),28,24,103/153 (67%),53/105 (50%)
12568248,122,483,28,92,23/66 (35%),36/66 (55%),2/8 (25%),15/56 (27%),22,33,35/62 (56%),214/266 (80%)
12568249,450,294,69,41,22/42 (52%),19/51 (37%),2/17 (12%),4/8 (50%),22,15,121/160 (76%),61/94 (65%)
12568234,366,235,45,34,28/55 (51%),19/53 (36%),8/15 (53%),5/15 (33%),18,23,84/123 (68%),46/74 (62%)
12568235,307,236,53,49,43/74 (58%),18/66 (27%),8/20 (40%),3/17 (18%),27,17,70/114 (61%),88/121 (73%)
12477081,203,423,47,62,25/69 (36%),14/50 (28%),7/15 (47%),5/29 (17%),21,28,30/67 (45%),78/125 (62%)
12477080,141,687,43,88,23/67 (34%),27/43 (63%),4/13 (31%),4/21 (19%),19,17,41/71 (58%),184/236 (78%)
12477079,508,113,70,60,37/73 (51%),17/59 (29%),3/22 (14%),6/14 (43%),26,28,120/168 (71%),36/84 (43%)
11937370,130,312,43,60,22/58 (38%),20/48 (42%),4/11 (36%),8/33 (24%),18,21,41/84 (49%),73/115 (63%)
11937373,233,326,62,64,26/64 (41%),25/55 (45%),3/19 (16%),4/18 (22%),22,35,49/84 (58%),63/98 (64%)
11937368,565,57,98,39,37/51 (73%),19/66 (29%),13/61 (21%),2/9 (22%),28,13,213/252 (85%),24/53 (45%)
11937367,261,247,63,64,23/55 (42%),25/65 (38%),11/26 (42%),3/15 (20%),24,24,100/147 (68%),54/103 (52%)
11937369,417,181,58,37,25/52 (48%),9/31 (29%),7/26 (27%),2/6 (33%),18,24,72/105 (69%),43/73 (59%)
11937364,318,224,63,59,33/62 (53%),29/78 (37%),8/29 (28%),5/23 (22%),19,19,72/122 (59%),51/107 (48%)
11937363,231,406,52,53,32/63 (51%),21/39 (54%),9/22 (41%),6/19 (32%),21,18,45/91 (49%),79/103 (77%)
12420572,356,372,68,59,27/60 (45%),41/75 (55%),6/38 (16%),1/7 (14%),24,13,91/136 (67%),65/97 (67%)
12420577,471,312,80,49,34/63 (54%),41/68 (60%),7/27 (26%),2/7 (29%),30,22,94/139 (68%),72/99 (73%)
12420575,373,281,44,43,38/74 (51%),21/46 (46%),3/13 (23%),4/17 (24%),32,18,110/137 (80%),57/87 (66%)
12404865,552,214,97,34,34/60 (57%),19/57 (33%),2/17 (12%),2/11 (18%),25,15,134/179 (75%),24/44 (55%)
12404864,283,328,49,53,22/60 (37%),25/54 (46%),2/8 (25%),3/20 (15%),10,26,47/90 (52%),70/111 (63%)
12420443,235,395,35,44,27/56 (48%),29/58 (50%),2/15 (13%),4/13 (31%),20,17,50/74 (68%),88/130 (68%)
12420434,446,289,99,44,30/61 (49%),25/70 (36%),7/31 (23%),3/7 (43%),20,19,128/187 (68%),35/70 (50%)
13010882,435,323,44,49,36/56 (64%),24/45 (53%),6/22 (27%),5/19 (26%),16,14,143/172 (83%),96/129 (74%)
13022403,429,452,47,59,28/58 (48%),29/47 (62%),4/11 (36%),2/15 (13%),12,22,84/113 (74%),78/120 (65%)
13010885,282,283,50,47,18/52 (35%),15/43 (35%),5/12 (42%),3/16 (19%),26,15,104/147 (71%),86/117 (74%)
13010890,419,355,68,34,25/39 (64%),22/48 (46%),10/34 (29%),5/13 (38%),17,8,154/194 (79%),64/84 (76%)
12468905,439,436,54,61,21/44 (48%),15/46 (33%),2/12 (17%),3/19 (16%),10,19,76/113 (67%),135/171 (79%)
12467660,252,455,42,73,29/67 (43%),31/57 (54%),3/7 (43%),4/36 (11%),19,33,53/89 (60%),108/145 (74%)
12467662,426,339,58,42,32/80 (40%),19/50 (38%),8/26 (31%),3/9 (33%),35,17,87/129 (67%),86/122 (70%)
12467655,520,273,65,36,22/38 (58%),21/55 (38%),9/38 (24%),1/13 (8%),14,10,182/209 (87%),45/66 (68%)
12617262,400,302,67,43,20/49 (41%),23/56 (41%),9/44 (20%),3/17 (18%),22,18,126/173 (73%),70/103 (68%)
12467661,101,566,39,74,19/53 (36%),21/41 (51%),1/8 (13%),11/36 (31%),15,21,28/55 (51%),172/207 (83%)
12467658,416,297,68,35,39/55 (71%),26/62 (42%),10/40 (25%),6/12 (50%),12,20,110/155 (71%),49/76 (64%)
12467664,327,172,58,56,25/60 (42%),17/47 (36%),9/27 (33%),1/12 (8%),27,25,46/83 (55%),46/86 (53%)
12500376,505,154,98,57,43/79 (54%),9/58 (16%),3/24 (13%),5/14 (36%),20,14,138/193 (72%),42/87 (48%)
12500363,579,217,69,38,33/47 (70%),23/61 (38%),9/25 (36%),1/12 (8%),14,15,127/162 (78%),42/77 (55%)
12500379,433,313,64,50,33/69 (48%),24/66 (36%),6/24 (25%),1/16 (6%),18,26,53/89 (60%),37/76 (49%)
12527732,444,344,43,42,26/46 (57%),19/35 (54%),0/6 (0%),5/24 (21%),19,10,58/87 (67%),87/113 (77%)
12527736,146,422,45,57,22/72 (31%),22/35 (63%),6/18 (33%),13/37 (35%),17,10,44/78 (56%),126/151 (83%)
12527738,187,561,46,39,29/49 (59%),11/24 (46%),6/12 (50%),5/23 (22%),12,8,70/108 (65%),89/108 (82%)
12146528,365,263,53,64,39/64 (61%),33/76 (43%),5/20 (25%),2/16 (13%),28,17,77/105 (73%),59/105 (56%)
12146523,358,345,61,66,24/58 (41%),20/61 (33%),3/11 (27%),6/24 (25%),30,28,60/101 (59%),94/137 (69%)
12146524,267,451,55,65,33/71 (46%),25/51 (49%),5/16 (31%),2/27 (7%),18,22,63/94 (67%),106/153 (69%)
12445047,308,342,71,52,38/72 (53%),29/66 (44%),5/28 (18%),10/23 (43%),26,20,87/128 (68%),62/92 (67%)
12596621,554,209,82,53,39/61 (64%),34/68 (50%),11/29 (38%),4/11 (36%),25,15,114/150 (76%),51/76 (67%)
12596615,302,334,64,68,41/89 (46%),32/61 (52%),1/11 (9%),2/16 (13%),36,15,53/95 (56%),100/142 (70%)
12596618,451,236,69,32,30/50 (60%),28/63 (44%),5/22 (23%),3/10 (30%),21,17,97/140 (69%),62/94 (66%)
12596617,308,224,68,37,38/65 (58%),17/61 (28%),5/33 (15%),1/13 (8%),28,16,109/153 (71%),46/71 (65%)
12481094,135,538,63,53,24/64 (38%),30/48 (63%),5/16 (31%),5/18 (28%),15,26,36/89 (40%),90/128 (70%)
12481098,122,511,44,70,14/63 (22%),34/55 (62%),2/15 (13%),5/29 (17%),25,28,44/95 (46%),156/196 (80%)
12481103,268,359,52,64,28/73 (38%),20/58 (34%),6/27 (22%),4/21 (19%),22,20,53/104 (51%),58/104 (56%)
12463967,264,302,38,52,21/62 (34%),37/58 (64%),3/9 (33%),3/26 (12%),14,20,34/65 (52%),104/142 (73%)
12463970,341,369,61,32,19/34 (56%),36/62 (58%),3/20 (15%),2/13 (15%),22,12,97/131 (74%),53/71 (75%)
13012918,469,184,61,36,28/42 (67%),18/46 (39%),7/17 (41%),0/2 (0%),19,23,135/171 (79%),26/53 (49%)
13011712,438,137,77,51,38/55 (69%),22/51 (43%),3/45 (7%),3/8 (38%),19,15,146/174 (84%),29/68 (43%)
13011728,309,239,46,53,36/63 (57%),16/37 (43%),4/12 (33%),3/13 (23%),11,24,44/66 (67%),62/101 (61%)
13011718,211,267,37,52,23/50 (46%),22/43 (51%),3/10 (30%),3/13 (23%),15,14,49/78 (63%),69/113 (61%)
12580708,334,138,85,56,38/73 (52%),25/84 (30%),8/29 (28%),3/9 (33%),24,21,93/149 (62%),49/92 (53%)
12580604,263,354,65,71,34/82 (41%),40/70 (57%),2/13 (15%),9/21 (43%),23,15,67/117 (57%),106/143 (74%)
12580707,440,186,66,50,55/80 (69%),20/63 (32%),8/31 (26%),1/10 (10%),24,20,121/165 (73%),39/81 (48%)
12580607,282,321,68,53,25/85 (29%),25/75 (33%),2/12 (17%),2/11 (18%),27,38,86/143 (60%),72/110 (65%)
12402296,439,289,46,50,25/55 (45%),15/39 (38%),5/11 (45%),5/24 (21%),18,22,75/109 (69%),71/106 (67%)
12402294,320,480,54,41,18/44 (41%),44/73 (60%),4/11 (36%),2/17 (12%),13,24,59/98 (60%),112/142 (79%)
12402304,473,266,56,32,21/43 (49%),21/43 (49%),9/26 (35%),3/9 (33%),21,13,174/220 (79%),37/62 (60%)
12407828,323,335,71,57,30/63 (48%),23/54 (43%),2/15 (13%),7/28 (25%),19,23,93/136 (68%),81/122 (66%)
12407829,273,525,26,82,21/48 (44%),48/68 (71%),3/12 (25%),4/21 (19%),15,22,48/65 (74%),139/191 (73%)
12407826,194,411,52,50,22/61 (36%),31/61 (51%),2/13 (15%),4/35 (11%),20,20,49/82 (60%),77/119 (65%)
12407827,334,564,39,69,26/48 (54%),18/35 (51%),5/12 (42%),5/20 (25%),8,17,56/82 (68%),131/187 (70%)
12656652,334,273,81,49,38/98 (39%),25/83 (30%),7/21 (33%),3/14 (21%),20,16,72/134 (54%),45/87 (52%)
12991466,113,329,56,76,23/80 (29%),21/54 (39%),1/7 (14%),2/29 (7%),22,25,26/70 (37%),101/160 (63%)
12991503,281,211,60,78,34/72 (47%),34/71 (48%),9/20 (45%),8/16 (50%),16,15,74/117 (63%),70/122 (57%)
12014196,246,282,74,59,42/84 (50%),25/60 (42%),8/18 (44%),4/19 (21%),15,17,63/127 (50%),77/122 (63%)
12014204,403,214,57,39,21/39 (54%),35/69 (51%),11/38 (29%),5/8 (63%),14,30,117/157 (75%),32/58 (55%)
12014199,419,215,72,46,17/28 (61%),26/56 (46%),6/17 (35%),2/7 (29%),11,10,124/150 (83%),31/60 (52%)
12014195,244,253,45,65,22/59 (37%),25/63 (40%),0/0 (0%),5/20 (25%),24,17,28/71 (39%),65/101 (64%)
12744968,358,291,55,50,43/60 (72%),28/56 (50%),2/16 (13%),2/10 (20%),18,19,100/140 (71%),55/91 (60%)
11928436,149,411,42,56,18/63 (29%),34/78 (44%),3/13 (23%),7/22 (32%),26,33,33/67 (49%),84/131 (64%)
13016164,284,157,,,45/76 (59%),19/52 (36%),9/18 (50%),3/8 (37%),30,34,48/86 (56%),33/69 (48%)
13016167,456,93,,,26/44 (59%),20/38 (52%),12/33 (36%),1/2 (50%),28,17,74/96 (77%),15/24 (63%)
11912251,323,359,77,57,31/69 (45%),40/86 (47%),3/30 (10%),6/17 (35%),20,25,97/150 (65%),57/93 (61%)
11912259,416,283,66,52,30/67 (45%),23/55 (42%),9/26 (35%),7/22 (32%),19,15,98/149 (66%),86/126 (68%)
11912260,342,313,67,86,43/76 (57%),32/88 (36%),6/20 (30%),3/11 (27%),23,24,84/133 (63%),71/129 (55%)
11912233,556,333,91,39,49/77 (64%),24/57 (42%),2/16 (13%),2/12 (17%),13,26,112/162 (69%),48/77 (62%)
11912235,381,314,66,66,28/73 (38%),30/80 (38%),0/4 (0%),8/24 (33%),17,18,89/127 (70%),88/132 (67%)
11912258,544,279,71,49,38/64 (59%),21/43 (49%),1/7 (14%),2/16 (13%),31,16,128/172 (74%),71/99 (72%)
11912257,408,373,67,43,16/37 (43%),31/63 (49%),9/33 (27%),1/8 (13%),17,11,142/171 (83%),107/147 (73%)
12831490,209,155,64,76,31/70 (44%),30/85 (35%),2/17 (12%),4/11 (36%),13,29,48/92 (52%),58/109 (53%)
12831480,195,241,48,43,18/55 (33%),21/42 (50%),1/13 (8%),5/12 (42%),19,6,40/66 (61%),50/79 (63%)
12831494,345,278,47,59,38/62 (61%),51/73 (70%),3/14 (21%),7/13 (54%),16,21,66/93 (71%),72/105 (69%)
12831492,301,260,56,41,22/58 (38%),42/83 (51%),8/23 (35%),2/10 (20%),13,16,88/126 (70%),22/54 (41%)
12831481,218,226,53,61,32/64 (50%),43/73 (59%),4/14 (29%),1/6 (17%),13,21,46/84 (55%),48/92 (52%)
12831498,219,220,49,65,42/79 (53%),41/76 (54%),5/12 (42%),5/27 (19%),22,22,55/83 (66%),85/135 (63%)
12831500,419,222,58,67,32/49 (65%),23/73 (32%),5/29 (17%),2/6 (33%),20,23,63/99 (64%),42/89 (47%)
12489710,232,153,83,64,21/80 (26%),22/82 (27%),5/23 (22%),3/14 (21%),30,38,64/123 (52%),45/90 (50%)
12489715,438,211,72,40,16/41 (39%),21/53 (40%),7/26 (27%),3/15 (20%),20,24,102/156 (65%),40/63 (63%)
12489714,165,499,39,80,26/72 (36%),43/66 (65%),6/13 (46%),11/37 (30%),21,20,32/68 (47%),130/170 (76%)
12489713,140,427,48,76,17/65 (26%),29/57 (51%),1/4 (25%),9/39 (23%),13,25,30/69 (43%),153/198 (77%)
11907444,312,324,46,82,17/53 (32%),36/85 (42%),3/13 (23%),2/26 (8%),19,26,67/99 (68%),92/154 (60%)
11907450,426,220,65,54,18/42 (43%),25/82 (30%),10/38 (26%),2/9 (22%),29,27,113/157 (72%),26/68 (38%)
11907447,589,197,85,33,27/42 (64%),17/60 (28%),5/33 (15%),3/19 (16%),24,18,164/213 (77%),39/68 (57%)
11907445,310,377,62,70,18/51 (35%),23/61 (38%),3/17 (18%),2/13 (15%),18,19,89/131 (68%),106/156 (68%)
11907446,545,120,95,54,43/68 (63%),25/68 (37%),8/35 (23%),2/18 (11%),28,17,175/223 (78%),38/75 (51%)
12439860,266,597,47,78,34/69 (49%),29/55 (53%),7/17 (41%),5/12 (42%),18,20,60/90 (67%),98/153 (64%)
12439861,414,272,58,63,45/80 (56%),17/50 (34%),2/8 (25%),6/26 (23%),17,19,69/114 (61%),76/120 (63%)
12439858,325,251,59,53,27/55 (49%),29/71 (41%),5/25 (20%),4/15 (27%),23,23,75/119 (63%),64/109 (59%)
12662014,504,134,75,50,22/42 (52%),20/71 (28%),9/26 (35%),1/12 (8%),22,27,144/194 (74%),29/72 (40%)
12662012,115,408,48,70,15/67 (22%),22/56 (39%),7/14 (50%),4/15 (27%),25,38,40/77 (52%),67/119 (56%)
13022369,425,540,70,65,27/83 (33%),30/83 (36%),2/22 (9%),2/12 (17%),24,34,80/131 (61%),54/97 (56%)
13008825,401,219,70,39,22/40 (55%),16/63 (25%),5/34 (15%),3/6 (50%),29,15,156/195 (80%),34/68 (50%)
12453008,302,312,75,53,30/76 (39%),30/48 (63%),4/19 (21%),3/14 (21%),19,16,101/161 (63%),80/118 (68%)
12453110,468,204,67,44,29/64 (45%),14/37 (38%),9/29 (31%),3/11 (27%),20,22,128/170 (75%),54/85 (64%)
12453112,302,364,49,68,24/64 (38%),24/59 (41%),3/26 (12%),7/23 (30%),19,13,78/114 (68%),90/134 (67%)
12065761,443,297,,,35/61 (57%),30/48 (62%),6/14 (42%),5/9 (55%),17,26,50/68 (74%),29/45 (64%)
12065762,317,375,,,21/48 (43%),28/49 (57%),6/14 (42%),5/8 (62%),24,15,32/48 (67%),36/60 (60%)
12065760,338,296,,,19/35 (54%),34/53 (64%),2/15 (13%),2/9 (22%),20,21,34/52 (65%),34/50 (68%)
12776232,341,343,39,43,21/47 (45%),24/53 (45%),3/27 (11%),4/15 (27%),16,15,63/92 (68%),60/93 (65%)
12773388,516,353,53,63,25/37 (68%),37/57 (65%),2/19 (11%),5/29 (17%),16,19,101/129 (78%),91/119 (76%)
12773385,490,383,78,66,37/63 (59%),31/63 (49%),2/12 (17%),5/17 (29%),16,12,98/127 (77%),73/107 (68%)
12497536,314,372,67,40,35/61 (57%),19/48 (40%),3/18 (17%),3/15 (20%),14,17,91/129 (71%),49/75 (65%)
12765324,138,393,36,74,22/46 (48%),19/37 (51%),3/7 (43%),7/34 (21%),9,18,36/59 (61%),152/188 (81%)
12765325,242,159,59,49,24/56 (43%),25/58 (43%),3/10 (30%),6/18 (33%),21,20,48/88 (55%),42/78 (54%)
12448681,265,153,47,53,29/71 (41%),20/60 (33%),6/14 (43%),5/22 (23%),27,27,43/78 (55%),48/95 (51%)
12448692,221,461,47,53,24/56 (43%),20/49 (41%),7/23 (30%),8/22 (36%),21,12,70/107 (65%),108/134 (81%)
13011670,421,254,68,50,32/71 (45%),21/57 (37%),2/11 (18%),2/14 (14%),19,25,105/148 (71%),67/104 (64%)
12448762,455,167,92,48,27/50 (54%),29/83 (35%),8/32 (25%),0/5 (0%),39,16,107/167 (64%),35/67 (52%)
12448764,311,316,81,80,33/90 (37%),39/105 (37%),5/23 (22%),7/26 (27%),17,18,101/165 (61%),76/131 (58%)
12448767,218,478,38,63,30/64 (47%),26/53 (49%),2/11 (18%),5/19 (26%),15,34,47/77 (61%),111/158 (70%)
12449217,240,292,39,54,23/54 (43%),15/46 (33%),8/32 (25%),10/26 (38%),16,24,67/88 (76%),109/149 (73%)
12449215,267,235,53,54,28/68 (41%),22/55 (40%),3/12 (25%),7/29 (24%),26,26,58/102 (57%),61/114 (54%)
11973094,246,222,,,32/67 (47%),25/49 (51%),9/22 (40%),2/6 (33%),33,18,40/68 (59%),32/56 (57%)
11973085,246,262,,,34/70 (48%),30/64 (46%),4/18 (22%),4/18 (22%),28,21,36/58 (62%),35/69 (51%)
11973088,244,303,,,27/54 (50%),30/61 (49%),6/20 (30%),5/13 (38%),21,28,45/62 (73%),32/60 (53%)
11973103,301,203,,,24/48 (50%),24/54 (44%),13/39 (33%),3/9 (33%),24,17,48/65 (74%),29/47 (62%)
11973090,330,302,,,30/54 (55%),32/57 (56%),1/10 (10%),5/15 (33%),27,23,32/54 (59%),20/37 (54%)
11973091,229,313,,,23/49 (46%),37/66 (56%),7/15 (46%),2/6 (33%),34,25,39/63 (62%),19/37 (51%)
11973086,232,162,,,41/67 (61%),36/68 (52%),12/26 (46%),0/8 (0%),23,12,46/70 (66%),34/63 (54%)
11973093,228,126,,,27/42 (64%),15/25 (60%),2/8 (25%),4/17 (23%),14,29,33/47 (70%),30/41 (73%)
11973087,394,123,,,30/48 (62%),19/45 (42%),5/24 (20%),3/8 (37%),23,18,68/80 (85%),17/36 (47%)
11973092,99,242,,,22/46 (47%),35/55 (63%),5/12 (41%),7/18 (38%),17,22,23/38 (61%),49/65 (75%)
12586168,301,383,,,16/31 (51%),16/32 (50%),3/15 (20%),2/7 (28%),17,19,39/53 (74%),22/38 (58%)
12586173,610,148,,,14/26 (53%),15/36 (41%),6/19 (31%),2/4 (50%),21,14,62/71 (87%),11/25 (44%)
12753021,323,216,76,59,38/74 (51%),31/68 (46%),4/23 (17%),2/7 (29%),24,19,91/135 (67%),42/88 (48%)
12753032,260,144,78,50,34/58 (59%),27/76 (36%),10/31 (32%),0/8 (0%),36,23,71/116 (61%),24/63 (38%)
12753017,227,297,48,55,20/47 (43%),32/67 (48%),11/31 (35%),3/17 (18%),31,15,53/87 (61%),59/89 (66%)
12753012,294,158,67,52,36/72 (50%),27/74 (36%),5/26 (19%),2/13 (15%),32,25,80/134 (60%),49/81 (60%)
13019034,255,222,,,28/48 (58%),26/59 (44%),7/22 (31%),5/18 (27%),45,27,40/60 (67%),31/56 (55%)
13019043,292,398,,,17/35 (48%),18/40 (45%),2/9 (22%),4/17 (23%),16,28,32/49 (65%),45/65 (69%)
12425088,501,363,,,23/41 (56%),31/53 (58%),3/9 (33%),4/12 (33%),17,14,27/42 (64%),44/60 (73%)
13029521,269,267,,,19/43 (44%),19/32 (59%),2/14 (14%),3/10 (30%),20,13,37/54 (69%),22/31 (71%)
13041742,374,380,,,28/55 (50%),35/57 (61%),0/5 (0%),1/8 (12%),15,22,27/50 (54%),26/53 (49%)
12447865,209,253,,,34/52 (65%),35/55 (63%),3/10 (30%),9/18 (50%),11,18,28/40 (70%),46/62 (74%)
12447858,338,283,,,29/51 (56%),29/47 (61%),7/13 (53%),4/11 (36%),23,22,31/51 (61%),28/44 (64%)
12497309,317,387,,,19/38 (50%),35/50 (70%),3/19 (15%),5/16 (31%),16,18,35/47 (74%),32/51 (63%)
12497312,323,326,,,26/44 (59%),26/41 (63%),0/6 (0%),9/30 (30%),16,21,27/42 (64%),39/49 (80%)
12497319,206,418,,,21/48 (43%),27/48 (56%),4/6 (66%),10/25 (40%),21,28,19/34 (56%),64/88 (73%)
12497311,295,329,,,24/44 (54%),21/37 (56%),3/9 (33%),2/15 (13%),19,14,29/39 (74%),50/61 (82%)
12497305,397,268,,,19/32 (59%),24/45 (53%),9/21 (42%),4/13 (30%),15,29,34/43 (79%),29/42 (69%)
12451610,165,420,,,30/59 (50%),26/51 (50%),8/23 (34%),7/19 (36%),27,31,29/46 (63%),50/74 (68%)
12442027,528,425,,,26/47 (55%),18/33 (54%),6/21 (28%),3/13 (23%),12,14,31/44 (70%),37/50 (74%)
12463379,526,234,,,30/54 (55%),33/59 (55%),9/20 (45%),4/10 (40%),29,22,61/82 (74%),20/38 (53%)
11990387,303,347,,,24/49 (48%),27/49 (55%),6/17 (35%),2/12 (16%),18,20,27/42 (64%),35/58 (60%)
13008765,407,104,,,28/42 (66%),12/40 (30%),7/37 (18%),2/5 (40%),33,20,73/105 (70%),10/32 (31%)
11989125,545,249,,,31/58 (53%),27/53 (50%),9/14 (64%),4/8 (50%),13,15,46/62 (74%),30/42 (71%)
11989123,138,293,,,30/53 (56%),17/34 (50%),1/8 (12%),7/18 (38%),18,25,19/30 (63%),34/51 (67%)
11989126,404,296,,,21/40 (52%),37/53 (69%),6/10 (60%),3/14 (21%),19,19,51/64 (80%),26/40 (65%)
12525926,324,377,,,26/51 (50%),38/64 (59%),4/17 (23%),6/26 (23%),20,23,24/40 (60%),47/69 (68%)
12525929,487,269,,,17/32 (53%),33/54 (61%),8/22 (36%),4/12 (33%),28,15,45/65 (69%),21/36 (58%)
12525932,474,242,,,28/48 (58%),26/52 (50%),4/19 (21%),4/16 (25%),32,17,46/72 (64%),27/48 (56%)
12868396,264,174,,,45/71 (63%),26/68 (38%),6/9 (66%),4/8 (50%),28,24,31/53 (58%),18/46 (39%)
12650996,177,292,,,29/49 (59%),16/36 (44%),5/18 (27%),5/16 (31%),13,27,29/52 (56%),32/44 (73%)
12651004,423,303,,,12/34 (35%),11/31 (35%),4/16 (25%),2/9 (22%),18,16,42/66 (64%),23/36 (64%)
12598357,271,312,,,19/38 (50%),27/46 (58%),2/14 (14%),7/18 (38%),29,32,,
12598360,283,322,,,30/48 (62%),18/39 (46%),7/13 (53%),7/24 (29%),18,27,,
12598355,389,254,,,36/70 (51%),39/62 (62%),2/9 (22%),3/6 (50%),28,22,,
12177173,301,332,,,14/24 (58%),21/33 (63%),3/14 (21%),4/13 (30%),22,17,21/36 (58%),30/41 (73%)
12177177,332,193,,,29/48 (60%),29/50 (58%),7/27 (25%),4/12 (33%),14,19,39/51 (76%),26/45 (58%)
12085473,361,159,,,14/29 (48%),19/35 (54%),18/42 (42%),3/6 (50%),13,12,58/75 (77%),12/29 (41%)
12085469,240,593,,,37/56 (66%),30/49 (61%),1/6 (16%),12/30 (40%),14,19,14/25 (56%),78/97 (80%)
12444644,504,269,,,26/44 (59%),23/53 (43%),4/19 (21%),2/11 (18%),18,18,71/91 (78%),25/42 (60%)
12444645,265,301,,,32/62 (51%),42/67 (62%),4/14 (28%),5/14 (35%),26,30,28/56 (50%),31/44 (70%)
12444663,347,247,,,26/50 (52%),21/53 (39%),9/24 (37%),1/5 (20%),22,16,46/65 (71%),17/38 (45%)
12963363,210,381,,,19/35 (54%),22/42 (52%),4/11 (36%),5/10 (50%),19,19,26/36 (72%),36/56 (64%)
12963291,188,453,,,25/38 (65%),13/25 (52%),3/8 (37%),4/10 (40%),15,16,18/33 (55%),35/54 (65%)
12590279,359,387,,,30/49 (61%),22/39 (56%),3/15 (20%),7/18 (38%),18,14,51/64 (80%),40/58 (69%)
12590273,267,308,,,43/69 (62%),27/56 (48%),3/13 (23%),6/14 (42%),22,21,33/43 (77%),42/66 (64%)
12531981,148,514,,,23/54 (42%),18/37 (48%),1/9 (11%),13/41 (31%),13,20,18/46 (39%),55/77 (71%)
12531969,283,287,,,33/51 (64%),24/58 (41%),5/10 (50%),0/7 (0%),23,19,42/58 (72%),21/47 (45%)
12969196,270,360,,,30/58 (51%),38/72 (52%),4/5 (80%),6/25 (24%),18,22,26/49 (53%),55/84 (65%)
12472158,148,466,,,19/44 (43%),18/52 (34%),4/9 (44%),4/13 (30%),26,29,19/50 (38%),45/86 (52%)
12448838,225,247,,,21/48 (43%),13/33 (39%),7/20 (35%),2/12 (16%),18,19,27/50 (54%),32/49 (65%)
12448841,314,253,,,32/47 (68%),20/42 (47%),5/17 (29%),4/13 (30%),16,19,33/48 (69%),28/47 (60%)
12448840,454,213,,,21/40 (52%),27/59 (45%),11/40 (27%),4/8 (50%),16,16,60/72 (83%),15/32 (47%)
12518422,287,184,78,53,46/70 (66%),20/54 (37%),2/24 (8%),1/9 (11%),27,18,101/156 (65%),41/73 (56%)
12518425,265,282,62,52,26/68 (38%),20/54 (37%),2/22 (9%),3/15 (20%),26,22,72/113 (64%),60/98 (61%)
12518416,184,268,58,44,20/56 (36%),26/65 (40%),1/13 (8%),1/19 (5%),34,27,39/78 (50%),43/78 (55%)
13019039,273,429,38,59,38/57 (67%),36/59 (61%),3/21 (14%),2/13 (15%),19,17,75/104 (72%),87/131 (66%)
12923109,613,252,53,34,15/26 (58%),12/38 (32%),7/19 (37%),3/9 (33%),13,14,107/133 (80%),34/58 (59%)
12923104,429,407,47,66,20/51 (39%),26/46 (57%),1/7 (14%),13/37 (35%),10,22,56/82 (68%),91/120 (76%)
12246983,256,374,,,24/50 (48%),22/37 (59%),3/5 (60%),9/30 (30%),15,23,20/38 (53%),68/85 (80%)
12246985,340,327,,,22/36 (61%),16/30 (53%),4/12 (33%),0/9 (0%),18,15,59/74 (80%),22/35 (63%)
12484257,381,311,,,22/43 (51%),13/36 (36%),5/11 (45%),12/27 (44%),16,24,24/41 (59%),38/66 (58%)
12484258,267,460,,,17/38 (44%),22/39 (56%),3/6 (50%),8/14 (57%),18,16,19/34 (56%),50/60 (83%)
12484255,519,201,,,17/40 (42%),17/38 (44%),6/16 (37%),2/9 (22%),23,21,24/43 (56%),12/28 (43%)
12196916,308,301,,,29/64 (45%),39/65 (60%),5/19 (26%),5/17 (29%),25,31,37/58 (64%),45/63 (71%)
12196973,429,304,,,30/49 (61%),18/39 (46%),7/18 (38%),2/6 (33%),17,8,58/71 (82%),26/40 (65%)
12199061,306,287,,,33/56 (58%),46/77 (59%),11/29 (37%),10/19 (52%),31,15,47/61 (77%),33/55 (60%)
12442133,281,297,,,28/54 (51%),26/50 (52%),9/22 (40%),0/5 (0%),25,30,26/43 (60%),26/52 (50%)
12442134,298,279,,,25/44 (56%),26/48 (54%),4/12 (33%),6/16 (37%),29,21,26/43 (60%),47/58 (81%)
12484433,181,355,,,25/56 (44%),32/63 (50%),3/10 (30%),3/8 (37%),22,26,32/46 (70%),30/51 (59%)
12484437,344,274,,,23/37 (62%),21/32 (65%),9/26 (34%),5/14 (35%),22,12,53/65 (82%),29/38 (76%)
13014309,252,397,56,52,30/51 (59%),28/47 (60%),6/19 (32%),2/22 (9%),11,20,64/97 (66%),97/126 (77%)
13014303,269,196,55,63,26/55 (47%),21/47 (45%),3/19 (16%),5/24 (21%),20,21,63/96 (66%),67/103 (65%)
12694137,369,283,,,26/44 (59%),28/50 (56%),6/20 (30%),1/9 (11%),18,17,,
12694134,354,349,,,31/48 (64%),38/58 (65%),4/12 (33%),7/10 (70%),22,15,,
12698547,251,274,,,25/44 (56%),22/44 (50%),9/14 (64%),11/27 (40%),17,26,,
12454752,98,611,,,22/55 (40%),28/53 (52%),4/11 (36%),9/29 (31%),19,16,15/41 (37%),68/91 (75%)
12454757,375,165,,,29/56 (51%),29/57 (50%),8/21 (38%),3/11 (27%),14,18,33/58 (57%),29/57 (51%)
12650088,499,229,88,33,27/45 (60%),25/65 (38%),2/15 (13%),0/3 (0%),17,11,130/179 (73%),14/45 (31%)
13023005,206,362,39,71,32/69 (46%),21/61 (34%),4/12 (33%),2/11 (18%),14,15,33/61 (54%),58/104 (56%)
13006575,502,132,68,29,28/49 (57%),21/52 (40%),8/33 (24%),2/10 (20%),26,18,117/166 (70%),30/51 (59%)
12437611,192,457,45,75,36/74 (49%),25/45 (56%),5/8 (63%),9/32 (28%),10,19,37/66 (56%),159/202 (79%)
12499348,273,436,45,59,20/56 (36%),34/63 (54%),5/16 (31%),2/13 (15%),19,17,40/77 (52%),76/108 (70%)
12499354,383,253,52,47,33/55 (60%),21/55 (38%),5/21 (24%),0/7 (0%),33,19,45/76 (59%),43/80 (54%)
12499355,501,308,66,29,24/33 (73%),24/41 (59%),5/19 (26%),0/6 (0%),17,17,121/165 (73%),50/64 (78%)
12900855,275,384,44,48,26/58 (45%),18/47 (38%),3/16 (19%),6/19 (32%),20,18,65/103 (63%),74/105 (70%)
12970179,68,629,41,112,16/77 (21%),35/51 (69%),0/0 (0%),5/26 (19%),13,17,11/40 (28%),230/272 (85%)
12970160,275,285,63,68,34/78 (44%),28/53 (53%),3/19 (16%),2/17 (12%),16,25,64/104 (62%),83/133 (62%)
12970153,109,562,61,95,24/86 (28%),45/73 (62%),1/4 (25%),8/33 (24%),21,22,28/69 (41%),181/232 (78%)
12970192,179,414,35,48,15/46 (33%),22/37 (59%),5/14 (36%),7/18 (39%),23,13,28/54 (52%),98/132 (74%)
12970193,249,300,31,61,28/55 (51%),20/41 (49%),4/10 (40%),6/27 (22%),13,9,30/52 (58%),97/127 (76%)
12970166,169,362,53,68,41/88 (47%),11/37 (30%),0/8 (0%),4/14 (29%),14,18,32/72 (44%),113/155 (73%)
12970187,376,497,42,56,22/47 (47%),26/48 (54%),3/13 (23%),2/10 (20%),13,16,57/86 (66%),107/144 (74%)
12375376,434,178,72,51,10/23 (43%),27/82 (33%),15/69 (22%),0/2 (0%),33,14,176/215 (82%),30/80 (38%)
12514057,359,537,48,65,24/46 (52%),24/41 (59%),2/12 (17%),12/23 (52%),20,16,52/79 (66%),137/171 (80%)
12117282,380,291,40,50,33/55 (60%),20/43 (47%),2/20 (10%),2/7 (29%),25,14,88/113 (78%),66/97 (68%)
12117278,372,405,48,60,38/69 (55%),19/34 (56%),4/11 (36%),2/18 (11%),19,27,62/91 (68%),86/110 (78%)
12530874,435,229,53,42,30/54 (56%),19/45 (42%),11/33 (33%),3/9 (33%),21,22,75/118 (64%),46/69 (67%)
12530880,199,353,48,62,21/50 (42%),20/53 (38%),9/26 (35%),2/14 (14%),20,29,65/102 (64%),71/111 (64%)
12904468,753,176,99,23,36/51 (71%),12/41 (29%),12/29 (41%),1/4 (25%),13,13,285/320 (89%),17/34 (50%)
12904463,516,182,99,35,31/57 (54%),21/57 (37%),4/20 (20%),2/9 (22%),20,14,146/195 (75%),31/52 (60%)
12773665,726,334,51,52,24/37 (65%),41/59 (69%),4/9 (44%),1/21 (5%),13,14,147/174 (84%),59/85 (69%)
12773646,397,304,76,60,30/61 (49%),34/74 (46%),2/9 (22%),6/27 (22%),15,37,122/171 (71%),51/96 (53%)
12773642,184,558,33,63,16/49 (33%),34/57 (60%),1/9 (11%),5/19 (26%),25,20,25/49 (51%),131/184 (71%)
12791854,470,530,51,91,21/55 (38%),48/82 (59%),2/7 (29%),4/15 (27%),15,19,70/103 (68%),109/167 (65%)
12773671,289,438,46,65,26/60 (43%),36/56 (64%),4/14 (29%),9/31 (29%),20,33,74/111 (67%),72/108 (67%)
12791853,155,432,55,86,27/72 (38%),41/62 (66%),5/17 (29%),5/32 (16%),29,28,50/95 (53%),137/186 (74%)
12773663,603,211,67,31,30/44 (68%),19/58 (33%),3/11 (27%),2/11 (18%),16,12,159/206 (77%),27/57 (47%)
12773652,367,547,56,73,30/62 (48%),29/66 (44%),6/25 (24%),8/20 (40%),25,16,95/129 (74%),85/127 (67%)
12924425,372,348,88,94,41/95 (43%),40/115 (35%),12/38 (32%),4/15 (27%),39,30,82/142 (58%),111/175 (63%)
12924407,361,250,61,41,35/73 (48%),23/76 (30%),5/19 (26%),4/11 (36%),16,19,64/107 (60%),23/60 (38%)
12924421,419,245,85,62,53/76 (70%),36/76 (47%),13/34 (38%),2/18 (11%),22,17,152/193 (79%),63/103 (61%)
12924416,151,357,48,90,30/79 (38%),42/69 (61%),2/10 (20%),11/24 (46%),25,18,32/77 (42%),98/148 (66%)
12924418,378,295,70,65,45/73 (62%),43/77 (56%),7/19 (37%),6/15 (40%),22,21,85/123 (69%),68/109 (62%)
12924429,245,487,50,72,36/67 (54%),34/63 (54%),1/14 (7%),4/19 (21%),18,13,60/96 (63%),93/131 (71%)
12924410,176,526,49,82,38/95 (40%),37/53 (70%),2/15 (13%),2/20 (10%),16,23,26/69 (38%),145/209 (69%)
12924422,320,232,66,52,29/57 (51%),24/53 (45%),8/30 (27%),1/9 (11%),23,29,113/151 (75%),51/80 (64%)
12924424,131,514,37,69,33/68 (49%),24/38 (63%),4/11 (36%),9/27 (33%),13,27,26/54 (48%),200/261 (77%)
12924420,215,342,61,54,48/82 (59%),35/70 (50%),4/18 (22%),4/18 (22%),21,22,51/89 (57%),70/99 (71%)
11937364,318,224,63,59,33/62 (53%),29/78 (37%),8/29 (28%),5/23 (22%),19,19,72/122 (59%),51/107 (48%)
11937363,231,406,52,53,32/63 (51%),21/39 (54%),9/22 (41%),6/19 (32%),21,18,45/91 (49%),79/103 (77%)
13010885,282,283,50,47,18/52 (35%),15/43 (35%),5/12 (42%),3/16 (19%),26,15,104/147 (71%),86/117 (74%)
13010890,419,355,68,34,25/39 (64%),22/48 (46%),10/34 (29%),5/13 (38%),17,8,154/194 (79%),64/84 (76%)
13010881,707,146,77,54,13/31 (42%),26/58 (45%),5/33 (15%),0/9 (0%),28,16,197/230 (86%),65/104 (63%)
13010887,437,286,59,53,22/48 (46%),20/51 (39%),3/16 (19%),3/11 (27%),18,19,86/128 (67%),67/102 (66%)
12467664,327,172,58,56,25/60 (42%),17/47 (36%),9/27 (33%),1/12 (8%),27,25,46/83 (55%),46/86 (53%)
12527741,440,269,45,41,42/65 (65%),28/55 (51%),5/27 (19%),4/13 (31%),19,18,66/91 (73%),55/80 (69%)
12527866,285,220,47,49,36/73 (49%),28/63 (44%),3/9 (33%),1/17 (6%),17,28,44/71 (62%),51/90 (57%)
12527868,331,292,62,53,27/80 (34%),19/54 (35%),3/16 (19%),5/17 (29%),23,17,71/115 (62%),82/131 (63%)
12527870,214,445,62,66,26/73 (36%),29/49 (59%),3/23 (13%),2/25 (8%),14,16,86/134 (64%),130/164 (79%)
12527872,290,267,50,61,21/51 (41%),22/61 (36%),7/21 (33%),2/15 (13%),28,21,50/90 (56%),56/98 (57%)
12527873,276,454,42,45,32/66 (48%),21/46 (46%),4/16 (25%),5/17 (29%),15,18,57/99 (58%),72/92 (78%)
12451237,234,586,31,65,31/51 (61%),20/30 (67%),4/16 (25%),5/23 (22%),17,17,33/55 (60%),158/192 (82%)
12451239,326,177,51,61,36/69 (52%),32/77 (42%),3/21 (14%),4/18 (22%),26,26,68/105 (65%),62/116 (53%)
12451236,245,366,45,70,22/58 (38%),22/42 (52%),5/18 (28%),9/23 (39%),23,8,45/80 (56%),78/124 (63%)
12451241,291,315,56,71,48/108 (44%),16/53 (30%),3/9 (33%),2/18 (11%),24,34,43/86 (50%),89/153 (58%)
12451240,369,297,54,60,22/49 (45%),38/82 (46%),4/21 (19%),1/9 (11%),22,25,78/111 (70%),58/94 (62%)
12451242,279,356,52,38,24/50 (48%),36/68 (53%),6/22 (27%),3/11 (27%),22,16,78/114 (68%),47/79 (59%)
12451244,269,523,32,71,25/60 (42%),35/54 (65%),1/5 (20%),12/37 (32%),15,25,38/51 (75%),154/192 (80%)
12451245,341,434,50,69,33/66 (50%),34/57 (60%),6/25 (24%),7/26 (27%),22,20,73/110 (66%),71/106 (67%)
12615585,309,535,49,85,33/59 (56%),29/51 (57%),5/10 (50%),5/26 (19%),19,28,59/91 (65%),119/173 (69%)
12146528,365,263,53,64,39/64 (61%),33/76 (43%),5/20 (25%),2/16 (13%),28,17,77/105 (73%),59/105 (56%)
12146523,358,345,61,66,24/58 (41%),20/61 (33%),3/11 (27%),6/24 (25%),30,28,60/101 (59%),94/137 (69%)
12146524,267,451,55,65,33/71 (46%),25/51 (49%),5/16 (31%),2/27 (7%),18,22,63/94 (67%),106/153 (69%)
12146527,365,157,76,42,30/58 (52%),30/69 (43%),6/31 (19%),0/10 (0%),32,19,78/126 (62%),39/72 (54%)
12146520,216,379,44,50,17/44 (39%),25/47 (53%),6/17 (35%),3/14 (21%),13,14,74/102 (73%),60/93 (65%)
12988222,479,146,94,33,27/45 (60%),16/49 (33%),6/26 (23%),1/5 (20%),11,14,167/210 (80%),18/47 (38%)
12146521,467,172,89,44,50/83 (60%),30/69 (43%),2/22 (9%),4/14 (29%),27,19,111/155 (72%),30/66 (45%)
12596617,308,224,68,37,38/65 (58%),17/61 (28%),5/33 (15%),1/13 (8%),28,16,109/153 (71%),46/71 (65%)
12463967,264,302,38,52,21/62 (34%),37/58 (64%),3/9 (33%),3/26 (12%),14,20,34/65 (52%),104/142 (73%)
12463970,341,369,61,32,19/34 (56%),36/62 (58%),3/20 (15%),2/13 (15%),22,12,97/131 (74%),53/71 (75%)
13012918,469,184,61,36,28/42 (67%),18/46 (39%),7/17 (41%),0/2 (0%),19,23,135/171 (79%),26/53 (49%)
13036742,177,186,48,70,19/52 (37%),29/81 (36%),2/14 (14%),5/13 (38%),28,24,26/62 (42%),60/117 (51%)
13031655,264,192,62,62,28/62 (45%),20/58 (34%),3/19 (16%),3/19 (16%),19,22,53/88 (60%),49/90 (54%)
13011717,399,258,74,50,35/54 (65%),24/58 (41%),4/17 (24%),2/3 (67%),26,7,80/118 (68%),44/76 (58%)
12407827,334,564,39,69,26/48 (54%),18/35 (51%),5/12 (42%),5/20 (25%),8,17,56/82 (68%),131/187 (70%)
12656652,334,273,81,49,38/98 (39%),25/83 (30%),7/21 (33%),3/14 (21%),20,16,72/134 (54%),45/87 (52%)
12902951,275,243,66,53,24/76 (32%),32/89 (36%),4/30 (13%),2/12 (17%),39,33,87/144 (60%),33/77 (43%)
13036931,265,250,67,45,33/69 (48%),22/71 (31%),6/33 (18%),4/12 (33%),37,25,79/126 (63%),48/87 (55%)
12769312,390,265,57,45,25/60 (42%),23/61 (38%),6/20 (30%),1/9 (11%),24,26,86/130 (66%),45/81 (56%)
12902952,228,325,63,73,21/75 (28%),47/100 (47%),4/6 (67%),6/21 (29%),18,29,51/109 (47%),74/115 (64%)
12991503,281,211,60,78,34/72 (47%),34/71 (48%),9/20 (45%),8/16 (50%),16,15,74/117 (63%),70/122 (57%)
12014195,244,253,45,65,22/59 (37%),25/63 (40%),0/0 (0%),5/20 (25%),24,17,28/71 (39%),65/101 (64%)
13016164,284,157,,,45/76 (59%),19/52 (36%),9/18 (50%),3/8 (37%),30,34,48/86 (56%),33/69 (48%)
13016167,456,93,,,26/44 (59%),20/38 (52%),12/33 (36%),1/2 (50%),28,17,74/96 (77%),15/24 (63%)
12004432,527,361,65,74,25/50 (50%),25/68 (37%),7/26 (27%),3/13 (23%),19,22,112/151 (74%),94/145 (65%)
11912257,408,373,67,43,16/37 (43%),31/63 (49%),9/33 (27%),1/8 (13%),17,11,142/171 (83%),107/147 (73%)
12831481,218,226,53,61,32/64 (50%),43/73 (59%),4/14 (29%),1/6 (17%),13,21,46/84 (55%),48/92 (52%)
12831498,219,220,49,65,42/79 (53%),41/76 (54%),5/12 (42%),5/27 (19%),22,22,55/83 (66%),85/135 (63%)
12831500,419,222,58,67,32/49 (65%),23/73 (32%),5/29 (17%),2/6 (33%),20,23,63/99 (64%),42/89 (47%)
12489714,165,499,39,80,26/72 (36%),43/66 (65%),6/13 (46%),11/37 (30%),21,20,32/68 (47%),130/170 (76%)
12489713,140,427,48,76,17/65 (26%),29/57 (51%),1/4 (25%),9/39 (23%),13,25,30/69 (43%),153/198 (77%)
11907445,310,377,62,70,18/51 (35%),23/61 (38%),3/17 (18%),2/13 (15%),18,19,89/131 (68%),106/156 (68%)
11907446,545,120,95,54,43/68 (63%),25/68 (37%),8/35 (23%),2/18 (11%),28,17,175/223 (78%),38/75 (51%)
12440987,295,423,39,74,36/63 (57%),23/48 (48%),4/7 (57%),7/39 (18%),15,17,46/70 (66%),190/226 (84%)
12662005,280,353,55,76,34/76 (45%),42/69 (61%),5/13 (38%),9/39 (23%),21,27,75/105 (71%),91/136 (67%)
12662007,448,242,69,51,25/61 (41%),25/66 (38%),6/21 (29%),3/15 (20%),23,31,105/150 (70%),49/96 (51%)
12662008,337,251,49,42,17/44 (39%),20/46 (43%),2/9 (22%),1/7 (14%),23,22,56/95 (59%),36/67 (54%)
12453112,302,364,49,68,24/64 (38%),24/59 (41%),3/26 (12%),7/23 (30%),19,13,78/114 (68%),90/134 (67%)
12504046,240,284,59,38,32/64 (50%),22/59 (37%),1/21 (5%),3/20 (15%),15,14,100/149 (67%),81/124 (65%)
12503884,270,386,60,54,29/69 (42%),20/48 (42%),3/14 (21%),7/25 (28%),21,31,56/90 (62%),142/180 (79%)
13037267,376,439,30,51,21/45 (47%),28/49 (57%),8/16 (50%),1/9 (11%),12,10,31/56 (55%),72/96 (75%)
12503862,468,385,43,56,36/65 (55%),26/58 (45%),4/13 (31%),2/18 (11%),22,18,86/114 (75%),76/114 (67%)
12503971,562,288,79,32,36/60 (60%),19/58 (33%),8/21 (38%),0/9 (0%),29,12,177/218 (81%),37/61 (61%)
12503855,303,256,62,43,28/75 (37%),19/62 (31%),4/17 (24%),0/13 (0%),26,27,54/101 (53%),62/93 (67%)
12680611,216,389,57,37,13/51 (25%),23/52 (44%),8/22 (36%),5/13 (38%),28,24,78/122 (64%),53/84 (63%)
12503937,241,306,61,45,23/65 (35%),30/69 (43%),5/24 (21%),5/20 (25%),17,29,60/109 (55%),41/72 (57%)
12503820,256,377,75,58,35/76 (46%),31/63 (49%),4/18 (22%),0/6 (0%),18,31,72/129 (56%),75/116 (65%)
12065761,443,297,,,35/61 (57%),30/48 (62%),6/14 (42%),5/9 (55%),17,26,50/68 (74%),29/45 (64%)
12065762,317,375,,,21/48 (43%),28/49 (57%),6/14 (42%),5/8 (62%),24,15,32/48 (67%),36/60 (60%)
12065760,338,296,,,19/35 (54%),34/53 (64%),2/15 (13%),2/9 (22%),20,21,34/52 (65%),34/50 (68%)
12065773,394,404,,,21/40 (52%),26/45 (57%),5/11 (45%),8/17 (47%),21,18,35/50 (70%),28/43 (65%)
12065763,418,378,,,21/50 (42%),27/45 (60%),3/11 (27%),7/9 (77%),17,16,54/85 (64%),22/36 (61%)
12065767,318,260,,,34/49 (69%),28/54 (51%),7/18 (38%),3/7 (42%),16,17,43/62 (69%),27/51 (53%)
12735448,353,297,36,59,37/55 (67%),14/45 (31%),5/19 (26%),0/8 (0%),27,15,70/99 (71%),58/91 (64%)
12610363,341,249,54,69,25/54 (46%),31/69 (45%),4/10 (40%),6/18 (33%),23,27,86/129 (67%),69/115 (60%)
12940698,524,120,66,45,32/48 (67%),18/63 (29%),11/44 (25%),4/9 (44%),22,10,160/202 (79%),34/63 (54%)
12903507,293,442,,,34/58 (58%),32/62 (51%),5/13 (38%),3/12 (25%),17,16,27/50 (54%),35/63 (56%)
12868606,201,351,,,29/56 (51%),19/45 (42%),4/8 (50%),5/23 (21%),20,23,23/40 (58%),46/67 (69%)
12753012,294,158,67,52,36/72 (50%),27/74 (36%),5/26 (19%),2/13 (15%),32,25,80/134 (60%),49/81 (60%)
12753024,176,253,52,40,37/57 (65%),20/48 (42%),4/19 (21%),7/20 (35%),19,19,49/75 (65%),48/73 (66%)
12753036,172,325,61,91,17/66 (26%),26/58 (45%),1/15 (7%),2/27 (7%),28,23,64/112 (57%),109/157 (69%)
13019043,292,398,,,17/35 (48%),18/40 (45%),2/9 (22%),4/17 (23%),16,28,32/49 (65%),45/65 (69%)
12425088,501,363,,,23/41 (56%),31/53 (58%),3/9 (33%),4/12 (33%),17,14,27/42 (64%),44/60 (73%)
13008779,521,222,112,63,34/57 (60%),25/87 (29%),7/28 (25%),3/6 (50%),37,11,156/223 (70%),46/95 (48%)
13019046,258,221,68,72,49/97 (51%),26/64 (41%),3/21 (14%),6/20 (30%),20,13,56/118 (47%),73/121 (60%)
13029521,269,267,,,19/43 (44%),19/32 (59%),2/14 (14%),3/10 (30%),20,13,37/54 (69%),22/31 (71%)
13041742,374,380,,,28/55 (50%),35/57 (61%),0/5 (0%),1/8 (12%),15,22,27/50 (54%),26/53 (49%)
12497319,206,418,,,21/48 (43%),27/48 (56%),4/6 (66%),10/25 (40%),21,28,19/34 (56%),64/88 (73%)
12497311,295,329,,,24/44 (54%),21/37 (56%),3/9 (33%),2/15 (13%),19,14,29/39 (74%),50/61 (82%)
12497305,397,268,,,19/32 (59%),24/45 (53%),9/21 (42%),4/13 (30%),15,29,34/43 (79%),29/42 (69%)
11989123,138,293,,,30/53 (56%),17/34 (50%),1/8 (12%),7/18 (38%),18,25,19/30 (63%),34/51 (67%)
11989126,404,296,,,21/40 (52%),37/53 (69%),6/10 (60%),3/14 (21%),19,19,51/64 (80%),26/40 (65%)
12651004,423,303,,,12/34 (35%),11/31 (35%),4/16 (25%),2/9 (22%),18,16,42/66 (64%),23/36 (64%)
12598355,389,254,,,36/70 (51%),39/62 (62%),2/9 (22%),3/6 (50%),28,22,,
12085469,240,593,,,37/56 (66%),30/49 (61%),1/6 (16%),12/30 (40%),14,19,14/25 (56%),78/97 (80%)
12963291,188,453,,,25/38 (65%),13/25 (52%),3/8 (37%),4/10 (40%),15,16,18/33 (55%),35/54 (65%)
13023452,320,387,,,28/44 (63%),24/49 (48%),5/15 (33%),2/13 (15%),16,22,25/35 (71%),32/49 (65%)
12448840,454,213,,,21/40 (52%),27/59 (45%),11/40 (27%),4/8 (50%),16,16,60/72 (83%),15/32 (47%)
12518416,184,268,58,44,20/56 (36%),26/65 (40%),1/13 (8%),1/19 (5%),34,27,39/78 (50%),43/78 (55%)
12522419,508,197,92,33,23/29 (79%),20/55 (36%),6/22 (27%),6/11 (55%),22,15,180/218 (83%),43/63 (68%)
13019039,273,429,38,59,38/57 (67%),36/59 (61%),3/21 (14%),2/13 (15%),19,17,75/104 (72%),87/131 (66%)
12923109,613,252,53,34,15/26 (58%),12/38 (32%),7/19 (37%),3/9 (33%),13,14,107/133 (80%),34/58 (59%)
12923104,429,407,47,66,20/51 (39%),26/46 (57%),1/7 (14%),13/37 (35%),10,22,56/82 (68%),91/120 (76%)
12923103,313,389,54,56,25/44 (57%),27/55 (49%),4/22 (18%),2/6 (33%),23,26,75/116 (65%),72/107 (67%)
12923107,229,429,55,47,20/50 (40%),34/60 (57%),4/13 (31%),1/7 (14%),21,23,75/115 (65%),82/108 (76%)
12923108,599,184,57,37,26/38 (68%),20/49 (41%),2/21 (10%),3/10 (30%),18,10,97/128 (76%),39/59 (66%)
12923105,488,259,74,49,22/31 (71%),24/61 (39%),10/31 (32%),2/8 (25%),19,15,163/207 (79%),56/81 (69%)
12473120,116,277,,,25/43 (58%),37/80 (46%),6/11 (54%),7/11 (63%),30,27,21/48 (44%),14/43 (33%)
12473122,421,216,,,34/66 (51%),30/52 (57%),2/16 (12%),2/5 (40%),30,16,43/71 (61%),34/50 (68%)
12473125,257,452,,,24/62 (38%),43/82 (52%),8/15 (53%),6/14 (42%),33,35,33/65 (51%),39/72 (54%)
12246985,340,327,,,22/36 (61%),16/30 (53%),4/12 (33%),0/9 (0%),18,15,59/74 (80%),22/35 (63%)
12199061,306,287,,,33/56 (58%),46/77 (59%),11/29 (37%),10/19 (52%),31,15,47/61 (77%),33/55 (60%)
12767356,284,290,,,21/34 (61%),25/42 (59%),8/18 (44%),8/24 (33%),25,23,30/46 (65%),41/56 (73%)
12767360,147,380,,,28/62 (45%),44/77 (57%),3/13 (23%),5/11 (45%),41,36,26/55 (47%),32/52 (62%)
12767375,277,387,,,30/56 (53%),37/61 (60%),6/13 (46%),4/8 (50%),26,16,34/50 (68%),26/49 (53%)
12767362,248,296,,,35/60 (58%),25/43 (58%),9/16 (56%),8/22 (36%),29,24,22/42 (52%),26/42 (62%)
12767354,507,515,,,61/94 (64%),18/40 (45%),5/11 (45%),2/14 (14%),29,30,40/58 (69%),66/85 (78%)
13014313,488,362,57,44,51/67 (76%),27/46 (59%),1/8 (13%),0/4 (0%),12,13,85/102 (83%),37/67 (55%)
13014305,226,360,46,51,25/46 (54%),23/51 (45%),3/18 (17%),2/15 (13%),11,22,60/84 (71%),46/77 (60%)
13023005,206,362,39,71,32/69 (46%),21/61 (34%),4/12 (33%),2/11 (18%),14,15,33/61 (54%),58/104 (56%)
13006575,502,132,68,29,28/49 (57%),21/52 (40%),8/33 (24%),2/10 (20%),26,18,117/166 (70%),30/51 (59%)
13005422,397,555,44,67,18/51 (35%),26/52 (50%),3/10 (30%),3/13 (23%),16,13,58/90 (64%),89/136 (65%)
13005420,230,520,34,51,28/56 (50%),13/26 (50%),2/9 (22%),7/24 (29%),17,17,25/54 (46%),137/176 (78%)
13006576,543,188,74,26,28/41 (68%),15/56 (27%),2/16 (13%),1/6 (17%),18,16,126/168 (75%),24/45 (53%)
13005427,223,444,16,81,21/53 (40%),26/45 (58%),2/9 (22%),7/25 (28%),24,28,17/29 (59%),154/222 (69%)
13045718,166,127,50,51,21/53 (40%),18/58 (31%),5/29 (17%),4/15 (27%),17,33,63/97 (65%),34/70 (49%)
13009004,472,111,84,30,19/45 (42%),18/67 (27%),18/39 (46%),0/2 (0%),29,19,147/204 (72%),4/32 (13%)
12499348,273,436,45,59,20/56 (36%),34/63 (54%),5/16 (31%),2/13 (15%),19,17,40/77 (52%),76/108 (70%)
12499354,383,253,52,47,33/55 (60%),21/55 (38%),5/21 (24%),0/7 (0%),33,19,45/76 (59%),43/80 (54%)
12499355,501,308,66,29,24/33 (73%),24/41 (59%),5/19 (26%),0/6 (0%),17,17,121/165 (73%),50/64 (78%)
12499350,162,686,20,83,16/48 (33%),29/42 (69%),4/7 (57%),7/26 (27%),16,18,30/41 (73%),230/274 (84%)
12499357,384,263,54,41,9/29 (31%),23/57 (40%),2/14 (14%),5/17 (29%),25,18,105/143 (73%),40/68 (59%)
12499347,450,379,81,29,29/51 (57%),27/61 (44%),3/19 (16%),0/5 (0%),21,26,177/214 (83%),30/59 (51%)
12499353,538,317,77,35,15/23 (65%),26/51 (51%),8/24 (33%),4/9 (44%),16,12,146/179 (82%),58/86 (67%)
12900855,275,384,44,48,26/58 (45%),18/47 (38%),3/16 (19%),6/19 (32%),20,18,65/103 (63%),74/105 (70%)
12970179,68,629,41,112,16/77 (21%),35/51 (69%),0/0 (0%),5/26 (19%),13,17,11/40 (28%),230/272 (85%)
12970160,275,285,63,68,34/78 (44%),28/53 (53%),3/19 (16%),2/17 (12%),16,25,64/104 (62%),83/133 (62%)
12970153,109,562,61,95,24/86 (28%),45/73 (62%),1/4 (25%),8/33 (24%),21,22,28/69 (41%),181/232 (78%)
12970192,179,414,35,48,15/46 (33%),22/37 (59%),5/14 (36%),7/18 (39%),23,13,28/54 (52%),98/132 (74%)
12970193,249,300,31,61,28/55 (51%),20/41 (49%),4/10 (40%),6/27 (22%),13,9,30/52 (58%),97/127 (76%)
12970166,169,362,53,68,41/88 (47%),11/37 (30%),0/8 (0%),4/14 (29%),14,18,32/72 (44%),113/155 (73%)
12970187,376,497,42,56,22/47 (47%),26/48 (54%),3/13 (23%),2/10 (20%),13,16,57/86 (66%),107/144 (74%)
12970142,263,150,47,37,39/67 (58%),24/54 (44%),3/13 (23%),0/7 (0%),9,23,80/115 (70%),22/57 (39%)
12970163,295,458,45,71,35/75 (47%),27/49 (55%),4/24 (17%),2/24 (8%),13,11,58/89 (65%),104/145 (72%)
12970188,164,543,43,72,12/49 (24%),30/56 (54%),2/10 (20%),6/19 (32%),19,32,28/62 (45%),105/152 (69%)
12970174,163,246,34,50,17/55 (31%),24/53 (45%),2/11 (18%),0/6 (0%),24,7,19/45 (42%),70/99 (71%)
12970139,231,174,61,49,19/59 (32%),26/61 (43%),4/22 (18%),3/6 (50%),24,12,60/107 (56%),42/75 (56%)
12970147,83,108,68,95,28/108 (26%),32/104 (31%),1/13 (8%),2/11 (18%),19,26,31/85 (36%),35/111 (32%)
12970161,253,530,26,70,19/50 (38%),34/42 (81%),1/7 (14%),7/26 (27%),11,9,20/40 (50%),123/149 (83%)
12970156,272,610,28,86,25/60 (42%),22/32 (69%),1/5 (20%),3/13 (23%),17,23,12/36 (33%),99/134 (74%)
12375376,434,178,72,51,10/23 (43%),27/82 (33%),15/69 (22%),0/2 (0%),33,14,176/215 (82%),30/80 (38%)
12375375,243,216,89,39,29/73 (40%),29/69 (42%),11/52 (21%),3/3 (100%),33,21,94/148 (64%),26/57 (46%)
12378099,286,431,58,46,32/58 (55%),11/54 (20%),3/37 (8%),5/14 (36%),28,12,83/126 (66%),77/108 (71%)
12774386,482,310,86,34,25/45 (56%),19/56 (34%),5/19 (26%),3/12 (25%),23,8,79/120 (66%),35/55 (64%)
12946553,332,391,47,32,25/45 (56%),28/54 (52%),9/24 (38%),4/12 (33%),22,17,100/130 (77%),61/85 (72%)
12477076,718,123,108,43,38/51 (75%),15/53 (28%),6/31 (19%),2/9 (22%),17,15,322/361 (89%),34/72 (47%)
12477077,326,221,65,45,33/73 (45%),24/60 (40%),9/32 (28%),2/18 (11%),19,21,78/137 (57%),38/71 (54%)
12477074,476,161,71,55,23/56 (41%),19/67 (28%),10/31 (32%),5/14 (36%),18,22,142/196 (72%),35/84 (42%)
12477073,235,298,72,79,28/70 (40%),32/65 (49%),6/19 (32%),4/21 (19%),32,28,87/133 (65%),112/160 (70%)
12477071,148,470,73,42,25/73 (34%),35/67 (52%),7/31 (23%),6/15 (40%),28,29,60/117 (51%),61/89 (69%)
12477075,164,353,47,49,14/51 (27%),15/38 (39%),4/16 (25%),11/29 (38%),21,21,49/86 (57%),81/114 (71%)
12904468,753,176,99,23,36/51 (71%),12/41 (29%),12/29 (41%),1/4 (25%),13,13,285/320 (89%),17/34 (50%)
12904463,516,182,99,35,31/57 (54%),21/57 (37%),4/20 (20%),2/9 (22%),20,14,146/195 (75%),31/52 (60%)
12904464,341,439,29,47,21/34 (62%),15/47 (32%),8/23 (35%),1/6 (17%),19,17,69/91 (76%),87/112 (78%)
12904462,443,228,55,50,25/41 (61%),24/60 (40%),2/11 (18%),3/15 (20%),20,9,81/112 (72%),49/89 (55%)
12904466,488,364,47,65,28/49 (57%),21/47 (45%),4/11 (36%),5/13 (38%),7,20,91/117 (78%),92/127 (72%)
12928319,289,611,34,54,22/44 (50%),10/22 (45%),3/13 (23%),7/27 (26%),16,20,77/102 (75%),128/154 (83%)
12904467,188,667,27,68,12/37 (32%),20/34 (59%),3/7 (43%),5/16 (31%),20,13,27/46 (59%),186/214 (87%)
12904469,242,577,24,62,16/34 (47%),25/42 (60%),1/7 (14%),5/21 (24%),20,22,36/59 (61%),200/233 (86%)
12773665,726,334,51,52,24/37 (65%),41/59 (69%),4/9 (44%),1/21 (5%),13,14,147/174 (84%),59/85 (69%)
12773646,397,304,76,60,30/61 (49%),34/74 (46%),2/9 (22%),6/27 (22%),15,37,122/171 (71%),51/96 (53%)
12773642,184,558,33,63,16/49 (33%),34/57 (60%),1/9 (11%),5/19 (26%),25,20,25/49 (51%),131/184 (71%)
12791854,470,530,51,91,21/55 (38%),48/82 (59%),2/7 (29%),4/15 (27%),15,19,70/103 (68%),109/167 (65%)
12773671,289,438,46,65,26/60 (43%),36/56 (64%),4/14 (29%),9/31 (29%),20,33,74/111 (67%),72/108 (67%)
12791853,155,432,55,86,27/72 (38%),41/62 (66%),5/17 (29%),5/32 (16%),29,28,50/95 (53%),137/186 (74%)
12773663,603,211,67,31,30/44 (68%),19/58 (33%),3/11 (27%),2/11 (18%),16,12,159/206 (77%),27/57 (47%)
12773652,367,547,56,73,30/62 (48%),29/66 (44%),6/25 (24%),8/20 (40%),25,16,95/129 (74%),85/127 (67%)
12773674,306,478,36,70,20/47 (43%),31/49 (63%),1/7 (14%),14/39 (36%),15,19,61/84 (73%),132/174 (76%)
12773668,328,395,50,83,40/69 (58%),40/70 (57%),5/16 (31%),2/23 (9%),17,27,63/93 (68%),99/149 (66%)
12773662,389,438,46,48,23/46 (50%),25/47 (53%),9/24 (38%),6/20 (30%),18,16,83/115 (72%),69/90 (77%)
12773670,387,423,43,49,22/47 (47%),27/59 (46%),7/25 (28%),2/15 (13%),22,16,71/97 (73%),56/88 (64%)
12773643,170,842,28,104,16/44 (36%),59/65 (91%),2/7 (29%),1/6 (17%),9,15,22/40 (55%),167/203 (82%)
12773661,173,545,50,81,23/72 (32%),30/57 (53%),4/12 (33%),6/30 (20%),18,25,40/82 (49%),113/158 (72%)
12773672,407,556,62,83,30/62 (48%),65/98 (66%),14/53 (26%),3/18 (17%),28,32,108/148 (73%),119/160 (74%)
12773664,359,368,52,40,26/52 (50%),18/49 (37%),9/27 (33%),3/18 (17%),15,26,80/117 (68%),71/91 (78%)
12924425,372,348,88,94,41/95 (43%),40/115 (35%),12/38 (32%),4/15 (27%),39,30,82/142 (58%),111/175 (63%)
12924407,361,250,61,41,35/73 (48%),23/76 (30%),5/19 (26%),4/11 (36%),16,19,64/107 (60%),23/60 (38%)
12924421,419,245,85,62,53/76 (70%),36/76 (47%),13/34 (38%),2/18 (11%),22,17,152/193 (79%),63/103 (61%)
12924416,151,357,48,90,30/79 (38%),42/69 (61%),2/10 (20%),11/24 (46%),25,18,32/77 (42%),98/148 (66%)
12924418,378,295,70,65,45/73 (62%),43/77 (56%),7/19 (37%),6/15 (40%),22,21,85/123 (69%),68/109 (62%)
12924429,245,487,50,72,36/67 (54%),34/63 (54%),1/14 (7%),4/19 (21%),18,13,60/96 (63%),93/131 (71%)
12924410,176,526,49,82,38/95 (40%),37/53 (70%),2/15 (13%),2/20 (10%),16,23,26/69 (38%),145/209 (69%)
12924422,320,232,66,52,29/57 (51%),24/53 (45%),8/30 (27%),1/9 (11%),23,29,113/151 (75%),51/80 (64%)
12924424,131,514,37,69,33/68 (49%),24/38 (63%),4/11 (36%),9/27 (33%),13,27,26/54 (48%),200/261 (77%)
12924420,215,342,61,54,48/82 (59%),35/70 (50%),4/18 (22%),4/18 (22%),21,22,51/89 (57%),70/99 (71%)
12924411,222,464,56,76,25/69 (36%),26/48 (54%),5/14 (36%),10/30 (33%),15,15,35/76 (46%),93/139 (67%)
12924408,417,411,101,82,63/134 (47%),44/105 (42%),5/21 (24%),6/27 (22%),42,22,150/237 (63%),63/126 (50%)
12924419,87,523,47,111,24/80 (30%),54/70 (77%),0/3 (0%),14/53 (26%),14,31,16/53 (30%),257/316 (81%)
12924428,339,314,54,53,33/58 (57%),50/85 (59%),7/20 (35%),9/28 (32%),15,30,82/115 (71%),68/103 (66%)
12924430,318,390,54,67,38/85 (45%),39/74 (53%),3/13 (23%),4/26 (15%),15,22,47/92 (51%),100/142 (70%)
12924409,291,440,51,73,26/57 (46%),37/73 (51%),1/9 (11%),11/31 (35%),17,24,68/97 (70%),130/170 (76%)
12924431,299,350,64,81,41/82 (50%),25/61 (41%),1/13 (8%),8/26 (31%),17,21,65/108 (60%),107/160 (67%)
12924412,151,695,86,115,41/108 (38%),46/86 (53%),3/18 (17%),10/29 (34%),25,43,59/134 (44%),211/278 (76%)
12924414,348,241,79,66,35/73 (48%),45/95 (47%),5/18 (28%),3/17 (18%),45,26,73/130 (56%),45/86 (52%)
13010881,707,146,77,54,13/31 (42%),26/58 (45%),5/33 (15%),0/9 (0%),28,16,197/230 (86%),65/104 (63%)
13010887,437,286,59,53,22/48 (46%),20/51 (39%),3/16 (19%),3/11 (27%),18,19,86/128 (67%),67/102 (66%)
12527741,440,269,45,41,42/65 (65%),28/55 (51%),5/27 (19%),4/13 (31%),19,18,66/91 (73%),55/80 (69%)
12527866,285,220,47,49,36/73 (49%),28/63 (44%),3/9 (33%),1/17 (6%),17,28,44/71 (62%),51/90 (57%)
12527868,331,292,62,53,27/80 (34%),19/54 (35%),3/16 (19%),5/17 (29%),23,17,71/115 (62%),82/131 (63%)
12527870,214,445,62,66,26/73 (36%),29/49 (59%),3/23 (13%),2/25 (8%),14,16,86/134 (64%),130/164 (79%)
12527872,290,267,50,61,21/51 (41%),22/61 (36%),7/21 (33%),2/15 (13%),28,21,50/90 (56%),56/98 (57%)
12527873,276,454,42,45,32/66 (48%),21/46 (46%),4/16 (25%),5/17 (29%),15,18,57/99 (58%),72/92 (78%)
12527874,393,251,63,86,26/61 (43%),27/81 (33%),7/19 (37%),2/19 (11%),22,21,81/127 (64%),64/123 (52%)
12527867,313,411,54,50,27/59 (46%),19/53 (36%),3/25 (12%),3/15 (20%),25,22,73/113 (65%),78/116 (67%)
12527869,515,223,22,34,18/41 (44%),22/42 (52%),1/11 (9%),9/14 (64%),17,10,33/48 (69%),45/66 (68%)
12527871,377,310,49,39,24/41 (59%),26/51 (51%),6/28 (21%),2/8 (25%),11,13,109/150 (73%),45/66 (68%)
12451237,234,586,31,65,31/51 (61%),20/30 (67%),4/16 (25%),5/23 (22%),17,17,33/55 (60%),158/192 (82%)
12451239,326,177,51,61,36/69 (52%),32/77 (42%),3/21 (14%),4/18 (22%),26,26,68/105 (65%),62/116 (53%)
12451236,245,366,45,70,22/58 (38%),22/42 (52%),5/18 (28%),9/23 (39%),23,8,45/80 (56%),78/124 (63%)
12451241,291,315,56,71,48/108 (44%),16/53 (30%),3/9 (33%),2/18 (11%),24,34,43/86 (50%),89/153 (58%)
12451240,369,297,54,60,22/49 (45%),38/82 (46%),4/21 (19%),1/9 (11%),22,25,78/111 (70%),58/94 (62%)
12451242,279,356,52,38,24/50 (48%),36/68 (53%),6/22 (27%),3/11 (27%),22,16,78/114 (68%),47/79 (59%)
12451244,269,523,32,71,25/60 (42%),35/54 (65%),1/5 (20%),12/37 (32%),15,25,38/51 (75%),154/192 (80%)
12451245,341,434,50,69,33/66 (50%),34/57 (60%),6/25 (24%),7/26 (27%),22,20,73/110 (66%),71/106 (67%)
12615585,309,535,49,85,33/59 (56%),29/51 (57%),5/10 (50%),5/26 (19%),19,28,59/91 (65%),119/173 (69%)
12146527,365,157,76,42,30/58 (52%),30/69 (43%),6/31 (19%),0/10 (0%),32,19,78/126 (62%),39/72 (54%)
12146520,216,379,44,50,17/44 (39%),25/47 (53%),6/17 (35%),3/14 (21%),13,14,74/102 (73%),60/93 (65%)
12988222,479,146,94,33,27/45 (60%),16/49 (33%),6/26 (23%),1/5 (20%),11,14,167/210 (80%),18/47 (38%)
12146521,467,172,89,44,50/83 (60%),30/69 (43%),2/22 (9%),4/14 (29%),27,19,111/155 (72%),30/66 (45%)
13036742,177,186,48,70,19/52 (37%),29/81 (36%),2/14 (14%),5/13 (38%),28,24,26/62 (42%),60/117 (51%)
13031655,264,192,62,62,28/62 (45%),20/58 (34%),3/19 (16%),3/19 (16%),19,22,53/88 (60%),49/90 (54%)
13011717,399,258,74,50,35/54 (65%),24/58 (41%),4/17 (24%),2/3 (67%),26,7,80/118 (68%),44/76 (58%)
12902951,275,243,66,53,24/76 (32%),32/89 (36%),4/30 (13%),2/12 (17%),39,33,87/144 (60%),33/77 (43%)
13036931,265,250,67,45,33/69 (48%),22/71 (31%),6/33 (18%),4/12 (33%),37,25,79/126 (63%),48/87 (55%)
12769312,390,265,57,45,25/60 (42%),23/61 (38%),6/20 (30%),1/9 (11%),24,26,86/130 (66%),45/81 (56%)
12902952,228,325,63,73,21/75 (28%),47/100 (47%),4/6 (67%),6/21 (29%),18,29,51/109 (47%),74/115 (64%)
13015430,228,292,70,69,26/72 (36%),35/75 (47%),3/15 (20%),4/13 (31%),20,30,73/128 (57%),76/129 (59%)
13015432,119,557,47,68,24/57 (42%),19/29 (66%),2/16 (13%),5/26 (19%),11,10,44/80 (55%),113/141 (80%)
12744969,257,280,58,69,19/59 (32%),36/72 (50%),1/16 (6%),4/21 (19%),23,26,54/85 (64%),73/112 (65%)
12004432,527,361,65,74,25/50 (50%),25/68 (37%),7/26 (27%),3/13 (23%),19,22,112/151 (74%),94/145 (65%)
12440987,295,423,39,74,36/63 (57%),23/48 (48%),4/7 (57%),7/39 (18%),15,17,46/70 (66%),190/226 (84%)
12439866,236,489,24,47,17/54 (31%),18/33 (55%),3/8 (38%),12/26 (46%),11,19,35/51 (69%),104/132 (79%)
12440995,514,188,73,41,34/50 (68%),16/43 (37%),3/25 (12%),1/14 (7%),27,22,135/183 (74%),65/98 (66%)
12440988,302,298,49,41,28/55 (51%),30/56 (54%),8/31 (26%),7/16 (44%),16,16,96/136 (71%),51/78 (65%)
12662005,280,353,55,76,34/76 (45%),42/69 (61%),5/13 (38%),9/39 (23%),21,27,75/105 (71%),91/136 (67%)
12662007,448,242,69,51,25/61 (41%),25/66 (38%),6/21 (29%),3/15 (20%),23,31,105/150 (70%),49/96 (51%)
12662008,337,251,49,42,17/44 (39%),20/46 (43%),2/9 (22%),1/7 (14%),23,22,56/95 (59%),36/67 (54%)
12662009,387,285,67,65,21/47 (45%),31/65 (48%),2/16 (13%),6/18 (33%),19,19,68/103 (66%),60/102 (59%)
12662004,103,516,42,107,25/70 (36%),44/67 (66%),3/15 (20%),10/32 (31%),17,25,21/53 (40%),185/234 (79%)
12662002,407,290,53,30,27/51 (53%),30/58 (52%),3/13 (23%),1/10 (10%),26,20,57/89 (64%),21/44 (48%)
12661999,360,214,68,65,20/57 (35%),25/68 (37%),1/21 (5%),4/12 (33%),37,27,59/106 (56%),72/119 (61%)
12504046,240,284,59,38,32/64 (50%),22/59 (37%),1/21 (5%),3/20 (15%),15,14,100/149 (67%),81/124 (65%)
12503884,270,386,60,54,29/69 (42%),20/48 (42%),3/14 (21%),7/25 (28%),21,31,56/90 (62%),142/180 (79%)
13037267,376,439,30,51,21/45 (47%),28/49 (57%),8/16 (50%),1/9 (11%),12,10,31/56 (55%),72/96 (75%)
12503862,468,385,43,56,36/65 (55%),26/58 (45%),4/13 (31%),2/18 (11%),22,18,86/114 (75%),76/114 (67%)
12503971,562,288,79,32,36/60 (60%),19/58 (33%),8/21 (38%),0/9 (0%),29,12,177/218 (81%),37/61 (61%)
12503855,303,256,62,43,28/75 (37%),19/62 (31%),4/17 (24%),0/13 (0%),26,27,54/101 (53%),62/93 (67%)
12680611,216,389,57,37,13/51 (25%),23/52 (44%),8/22 (36%),5/13 (38%),28,24,78/122 (64%),53/84 (63%)
12503937,241,306,61,45,23/65 (35%),30/69 (43%),5/24 (21%),5/20 (25%),17,29,60/109 (55%),41/72 (57%)
12503820,256,377,75,58,35/76 (46%),31/63 (49%),4/18 (22%),0/6 (0%),18,31,72/129 (56%),75/116 (65%)
12065773,394,404,,,21/40 (52%),26/45 (57%),5/11 (45%),8/17 (47%),21,18,35/50 (70%),28/43 (65%)
12065763,418,378,,,21/50 (42%),27/45 (60%),3/11 (27%),7/9 (77%),17,16,54/85 (64%),22/36 (61%)
12065767,318,260,,,34/49 (69%),28/54 (51%),7/18 (38%),3/7 (42%),16,17,43/62 (69%),27/51 (53%)
12961015,311,342,46,48,28/45 (62%),27/52 (52%),7/17 (41%),1/4 (25%),16,16,52/78 (67%),58/89 (65%)
12735448,353,297,36,59,37/55 (67%),14/45 (31%),5/19 (26%),0/8 (0%),27,15,70/99 (71%),58/91 (64%)
12610363,341,249,54,69,25/54 (46%),31/69 (45%),4/10 (40%),6/18 (33%),23,27,86/129 (67%),69/115 (60%)
12661036,208,489,46,48,23/43 (53%),41/62 (66%),9/27 (33%),3/9 (33%),16,16,66/108 (61%),85/116 (73%)
12661039,354,220,52,66,18/55 (33%),24/73 (33%),6/26 (23%),6/24 (25%),30,20,108/140 (77%),64/108 (59%)
12940698,524,120,66,45,32/48 (67%),18/63 (29%),11/44 (25%),4/9 (44%),22,10,160/202 (79%),34/63 (54%)
12903507,293,442,,,34/58 (58%),32/62 (51%),5/13 (38%),3/12 (25%),17,16,27/50 (54%),35/63 (56%)
12903499,173,545,,,25/57 (43%),41/57 (71%),1/6 (16%),8/17 (47%),25,39,20/41 (49%),63/85 (74%)
12903503,161,567,,,28/54 (51%),35/58 (60%),1/3 (33%),10/32 (31%),12,26,13/24 (54%),65/89 (73%)
12903501,204,520,,,24/49 (48%),20/33 (60%),2/6 (33%),6/24 (25%),13,23,21/35 (60%),90/100 (90%)
12903502,309,386,,,33/59 (55%),29/52 (55%),3/9 (33%),10/25 (40%),17,21,36/53 (68%),43/64 (67%)
12903506,413,203,,,34/61 (55%),31/66 (46%),6/10 (60%),2/7 (28%),30,33,32/53 (60%),18/40 (45%)
12903505,452,384,,,52/88 (59%),40/74 (54%),13/28 (46%),1/9 (11%),43,46,62/101 (61%),40/73 (55%)
12868606,201,351,,,29/56 (51%),19/45 (42%),4/8 (50%),5/23 (21%),20,23,23/40 (58%),46/67 (69%)
12856761,643,196,89,35,31/45 (69%),30/63 (48%),16/35 (46%),3/11 (27%),21,10,160/207 (77%),41/67 (61%)
12753024,176,253,52,40,37/57 (65%),20/48 (42%),4/19 (21%),7/20 (35%),19,19,49/75 (65%),48/73 (66%)
12753036,172,325,61,91,17/66 (26%),26/58 (45%),1/15 (7%),2/27 (7%),28,23,64/112 (57%),109/157 (69%)
12753027,351,286,48,61,21/43 (49%),39/77 (51%),5/22 (23%),2/15 (13%),26,19,83/115 (72%),57/96 (59%)
12753031,261,279,37,50,34/53 (64%),42/58 (72%),5/10 (50%),4/19 (21%),8,18,41/66 (62%),79/101 (78%)
12753030,179,267,51,44,34/79 (43%),31/50 (62%),2/7 (29%),5/27 (19%),11,20,45/82 (55%),77/104 (74%)
13008779,521,222,112,63,34/57 (60%),25/87 (29%),7/28 (25%),3/6 (50%),37,11,156/223 (70%),46/95 (48%)
13019046,258,221,68,72,49/97 (51%),26/64 (41%),3/21 (14%),6/20 (30%),20,13,56/118 (47%),73/121 (60%)
13029524,386,317,,,31/59 (52%),24/41 (58%),11/18 (61%),3/11 (27%),12,15,47/60 (78%),32/45 (71%)
13029522,361,177,,,39/64 (60%),17/37 (45%),5/18 (27%),2/9 (22%),24,12,55/78 (71%),18/27 (67%)
13036833,280,319,,,19/43 (44%),15/37 (40%),5/18 (27%),7/21 (33%),24,23,28/41 (68%),47/66 (71%)
12981459,435,216,,,21/43 (48%),24/47 (51%),10/28 (35%),2/7 (28%),22,14,58/75 (77%),24/39 (62%)
13023452,320,387,,,28/44 (63%),24/49 (48%),5/15 (33%),2/13 (15%),16,22,25/35 (71%),32/49 (65%)
12765385,295,273,,,25/58 (43%),32/62 (51%),6/25 (24%),9/19 (47%),26,22,34/65 (52%),31/55 (56%)
12522419,508,197,92,33,23/29 (79%),20/55 (36%),6/22 (27%),6/11 (55%),22,15,180/218 (83%),43/63 (68%)
12522418,573,154,78,37,35/55 (64%),18/58 (31%),12/30 (40%),2/5 (40%),24,11,143/191 (75%),21/44 (48%)
12923103,313,389,54,56,25/44 (57%),27/55 (49%),4/22 (18%),2/6 (33%),23,26,75/116 (65%),72/107 (67%)
12923107,229,429,55,47,20/50 (40%),34/60 (57%),4/13 (31%),1/7 (14%),21,23,75/115 (65%),82/108 (76%)
12923108,599,184,57,37,26/38 (68%),20/49 (41%),2/21 (10%),3/10 (30%),18,10,97/128 (76%),39/59 (66%)
12923105,488,259,74,49,22/31 (71%),24/61 (39%),10/31 (32%),2/8 (25%),19,15,163/207 (79%),56/81 (69%)
12923106,198,456,50,81,18/57 (32%),28/46 (61%),1/7 (14%),9/37 (24%),27,42,59/97 (61%),122/160 (76%)
12473120,116,277,,,25/43 (58%),37/80 (46%),6/11 (54%),7/11 (63%),30,27,21/48 (44%),14/43 (33%)
12473122,421,216,,,34/66 (51%),30/52 (57%),2/16 (12%),2/5 (40%),30,16,43/71 (61%),34/50 (68%)
12473125,257,452,,,24/62 (38%),43/82 (52%),8/15 (53%),6/14 (42%),33,35,33/65 (51%),39/72 (54%)
12767356,284,290,,,21/34 (61%),25/42 (59%),8/18 (44%),8/24 (33%),25,23,30/46 (65%),41/56 (73%)
12767360,147,380,,,28/62 (45%),44/77 (57%),3/13 (23%),5/11 (45%),41,36,26/55 (47%),32/52 (62%)
12767375,277,387,,,30/56 (53%),37/61 (60%),6/13 (46%),4/8 (50%),26,16,34/50 (68%),26/49 (53%)
12767362,248,296,,,35/60 (58%),25/43 (58%),9/16 (56%),8/22 (36%),29,24,22/42 (52%),26/42 (62%)
12767354,507,515,,,61/94 (64%),18/40 (45%),5/11 (45%),2/14 (14%),29,30,40/58 (69%),66/85 (78%)
12767369,589,256,,,27/45 (60%),18/38 (47%),4/12 (33%),3/11 (27%),17,15,39/53 (74%),22/35 (63%)
12767377,251,726,,,27/52 (51%),41/63 (65%),3/10 (30%),14/29 (48%),20,30,23/41 (56%),65/85 (76%)
13014313,488,362,57,44,51/67 (76%),27/46 (59%),1/8 (13%),0/4 (0%),12,13,85/102 (83%),37/67 (55%)
13014305,226,360,46,51,25/46 (54%),23/51 (45%),3/18 (17%),2/15 (13%),11,22,60/84 (71%),46/77 (60%)
13014306,286,161,83,60,28/59 (47%),18/59 (31%),4/25 (16%),2/12 (17%),20,19,82/134 (61%),34/80 (43%)
13014308,304,241,57,52,28/48 (58%),37/64 (58%),5/35 (14%),2/14 (14%),29,13,91/131 (69%),71/98 (72%)
13005422,397,555,44,67,18/51 (35%),26/52 (50%),3/10 (30%),3/13 (23%),16,13,58/90 (64%),89/136 (65%)
13005420,230,520,34,51,28/56 (50%),13/26 (50%),2/9 (22%),7/24 (29%),17,17,25/54 (46%),137/176 (78%)
13006576,543,188,74,26,28/41 (68%),15/56 (27%),2/16 (13%),1/6 (17%),18,16,126/168 (75%),24/45 (53%)
13005427,223,444,16,81,21/53 (40%),26/45 (58%),2/9 (22%),7/25 (28%),24,28,17/29 (59%),154/222 (69%)
13045718,166,127,50,51,21/53 (40%),18/58 (31%),5/29 (17%),4/15 (27%),17,33,63/97 (65%),34/70 (49%)
13009004,472,111,84,30,19/45 (42%),18/67 (27%),18/39 (46%),0/2 (0%),29,19,147/204 (72%),4/32 (13%)
13006577,510,192,91,10,15/23 (65%),20/49 (41%),10/24 (42%),2/2 (100%),10,11,169/228 (74%),6/14 (43%)
